Species;Genus;Family
Abalistes stellatus;Abalistes;Balistidae
Abudefduf abdominalis;Abudefduf;Pomacentridae
Abudefduf bengalensis;Abudefduf;Pomacentridae
Abudefduf concolor;Abudefduf;Pomacentridae
Abudefduf conformis;Abudefduf;Pomacentridae
Abudefduf notatus;Abudefduf;Pomacentridae
Abudefduf saxatilis;Abudefduf;Pomacentridae
Abudefduf septemfasciatus;Abudefduf;Pomacentridae
Abudefduf sexfasciatus;Abudefduf;Pomacentridae
Abudefduf sordidus;Abudefduf;Pomacentridae
Abudefduf sparoides;Abudefduf;Pomacentridae
Abudefduf troschelii;Abudefduf;Pomacentridae
Abudefduf vaigiensis;Abudefduf;Pomacentridae
Abudefduf whitleyi;Abudefduf;Pomacentridae
Acanthaluteres brownii;Acanthaluteres;Monacanthidae
Acanthaluteres spilomelanurus;Acanthaluteres;Monacanthidae
Acanthaluteres vittiger;Acanthaluteres;Monacanthidae
Acanthemblemaria aspera;Acanthemblemaria;Chaenopsidae
Acanthemblemaria atrata;Acanthemblemaria;Chaenopsidae
Acanthemblemaria hancocki;Acanthemblemaria;Chaenopsidae
Acanthemblemaria spinosa;Acanthemblemaria;Chaenopsidae
Acanthistius cinctus;Acanthistius;Serranidae
Acanthistius ocellatus;Acanthistius;Serranidae
Acanthistius serratus;Acanthistius;Serranidae
Acanthochromis polyacanthus;Acanthochromis;Pomacentridae
Acanthocybium solandri;Acanthocybium;Scombridae
Acanthopagrus australis;Acanthopagrus;Sparidae
Acanthopagrus latus;Acanthopagrus;Sparidae
Acanthostracion polygonius;Acanthostracion;Ostraciidae
Acanthostracion quadricornis;Acanthostracion;Ostraciidae
Acanthurus achilles;Acanthurus;Acanthuridae
Acanthurus albipectoralis;Acanthurus;Acanthuridae
Acanthurus auranticavus;Acanthurus;Acanthuridae
Acanthurus bahianus;Acanthurus;Acanthuridae
Acanthurus bariene;Acanthurus;Acanthuridae
Acanthurus blochii;Acanthurus;Acanthuridae
Acanthurus chirurgus;Acanthurus;Acanthuridae
Acanthurus coeruleus;Acanthurus;Acanthuridae
Acanthurus dussumieri;Acanthurus;Acanthuridae
Acanthurus fowleri;Acanthurus;Acanthuridae
Acanthurus gahhm;Acanthurus;Acanthuridae
Acanthurus grammoptilus;Acanthurus;Acanthuridae
Acanthurus guttatus;Acanthurus;Acanthuridae
Acanthurus leucocheilus;Acanthurus;Acanthuridae
Acanthurus leucopareius;Acanthurus;Acanthuridae
Acanthurus leucosternon;Acanthurus;Acanthuridae
Acanthurus lineatus;Acanthurus;Acanthuridae
Acanthurus maculiceps;Acanthurus;Acanthuridae
Acanthurus mata;Acanthurus;Acanthuridae
Acanthurus nigricans;Acanthurus;Acanthuridae
Acanthurus nigricauda;Acanthurus;Acanthuridae
Acanthurus nigrofuscus;Acanthurus;Acanthuridae
Acanthurus nigroris;Acanthurus;Acanthuridae
Acanthurus nubilus;Acanthurus;Acanthuridae
Acanthurus olivaceus;Acanthurus;Acanthuridae
Acanthurus pyroferus;Acanthurus;Acanthuridae
Acanthurus reversus;Acanthurus;Acanthuridae
Acanthurus sohal;Acanthurus;Acanthuridae
Acanthurus tennentii;Acanthurus;Acanthuridae
Acanthurus thompsoni;Acanthurus;Acanthuridae
Acanthurus tractus;Acanthurus;Acanthuridae
Acanthurus triostegus;Acanthurus;Acanthuridae
Acanthurus tristis;Acanthurus;Acanthuridae
Acanthurus xanthopterus;Acanthurus;Acanthuridae
Achoerodus gouldii;Achoerodus;Labridae
Achoerodus viridis;Achoerodus;Labridae
Aeoliscus strigatus;Aeoliscus;Centriscidae
Aethaloperca rogaa;Aethaloperca;Serranidae
Aetobatus ocellatus;Aetobatus;Aetobatidae
Aioliops megastigma;Aioliops;Microdesmidae
Aioliops novaeguineae;Aioliops;Microdesmidae
Alectis ciliaris;Alectis;Carangidae
Alectis indica;Alectis;Carangidae
Alepes vari;Alepes;Carangidae
Alphestes immaculatus;Alphestes;Serranidae
Aluterus scriptus;Aluterus;Monacanthidae
Amanses scopas;Amanses;Monacanthidae
Amblycirrhitus bimacula;Amblycirrhitus;Cirrhitidae
Amblycirrhitus pinos;Amblycirrhitus;Cirrhitidae
Amblyeleotris fasciata;Amblyeleotris;Gobiidae
Amblyeleotris guttata;Amblyeleotris;Gobiidae
Amblyeleotris gymnocephala;Amblyeleotris;Gobiidae
Amblyeleotris japonica;Amblyeleotris;Gobiidae
Amblyeleotris katherine;Amblyeleotris;Gobiidae
Amblyeleotris periophthalma;Amblyeleotris;Gobiidae
Amblyeleotris steinitzi;Amblyeleotris;Gobiidae
Amblyeleotris wheeleri;Amblyeleotris;Gobiidae
Amblyglyphidodon aureus;Amblyglyphidodon;Pomacentridae
Amblyglyphidodon batunai;Amblyglyphidodon;Pomacentridae
Amblyglyphidodon curacao;Amblyglyphidodon;Pomacentridae
Amblyglyphidodon flavilatus;Amblyglyphidodon;Pomacentridae
Amblyglyphidodon indicus;Amblyglyphidodon;Pomacentridae
Amblyglyphidodon leucogaster;Amblyglyphidodon;Pomacentridae
Amblyglyphidodon melanopterus;Amblyglyphidodon;Pomacentridae
Amblyglyphidodon orbicularis;Amblyglyphidodon;Pomacentridae
Amblyglyphidodon ternatensis;Amblyglyphidodon;Pomacentridae
Amblygobius buanensis;Amblygobius;Gobiidae
Amblygobius bynoensis;Amblygobius;Gobiidae
Amblygobius decussatus;Amblygobius;Gobiidae
Amblygobius nocturnus;Amblygobius;Gobiidae
Amblygobius phalaena;Amblygobius;Gobiidae
Amphichaetodon howensis;Amphichaetodon;Chaetodontidae
Amphichthys cryptocentrus;Amphichthys;Batrachoididae
Amphiprion akallopisos;Amphiprion;Pomacentridae
Amphiprion akindynos;Amphiprion;Pomacentridae
Amphiprion allardi;Amphiprion;Pomacentridae
Amphiprion bicinctus;Amphiprion;Pomacentridae
Amphiprion chrysopterus;Amphiprion;Pomacentridae
Amphiprion clarkii;Amphiprion;Pomacentridae
Amphiprion ephippium;Amphiprion;Pomacentridae
Amphiprion frenatus;Amphiprion;Pomacentridae
Amphiprion fuscocaudatus;Amphiprion;Pomacentridae
Amphiprion latezonatus;Amphiprion;Pomacentridae
Amphiprion leucokranos;Amphiprion;Pomacentridae
Amphiprion mccullochi;Amphiprion;Pomacentridae
Amphiprion melanopus;Amphiprion;Pomacentridae
Amphiprion nigripes;Amphiprion;Pomacentridae
Amphiprion ocellaris;Amphiprion;Pomacentridae
Amphiprion percula;Amphiprion;Pomacentridae
Amphiprion perideraion;Amphiprion;Pomacentridae
Amphiprion rubrocinctus;Amphiprion;Pomacentridae
Amphiprion sandaracinos;Amphiprion;Pomacentridae
Anampses caeruleopunctatus;Anampses;Labridae
Anampses cuvier;Anampses;Labridae
Anampses elegans;Anampses;Labridae
Anampses femininus;Anampses;Labridae
Anampses geographicus;Anampses;Labridae
Anampses lennardi;Anampses;Labridae
Anampses lineatus;Anampses;Labridae
Anampses melanurus;Anampses;Labridae
Anampses meleagrides;Anampses;Labridae
Anampses neoguinaicus;Anampses;Labridae
Anampses twistii;Anampses;Labridae
Anarrhichthys ocellatus;Anarrhichthys;Anarhichadidae
Anisotremus caesius;Anisotremus;Haemulidae
Anisotremus interruptus;Anisotremus;Haemulidae
Anisotremus scapularis;Anisotremus;Haemulidae
Anisotremus surinamensis;Anisotremus;Haemulidae
Anisotremus taeniatus;Anisotremus;Haemulidae
Anisotremus virginicus;Anisotremus;Haemulidae
Anoplocapros inermis;Anoplocapros;Aracanidae
Anoplocapros lenticularis;Anoplocapros;Aracanidae
Anyperodon leucogrammicus;Anyperodon;Serranidae
Aphareus furca;Aphareus;Lutjanidae
Aphareus rutilans;Aphareus;Lutjanidae
Aplodactylus arctidens;Aplodactylus;Aplodactylidae
Aplodactylus etheridgii;Aplodactylus;Aplodactylidae
Aplodactylus lophodon;Aplodactylus;Aplodactylidae
Apogon apogonides;Apogon;Apogonidae
Apogon apogonoides;Apogon;Apogonidae
Apogon atradorsatus;Apogon;Apogonidae
Apogon atricaudus;Apogon;Apogonidae
Apogon binotatus;Apogon;Apogonidae
Apogon capricornis;Apogon;Apogonidae
Apogon chrysotaenia;Apogon;Apogonidae
Apogon doederleini;Apogon;Apogonidae
Apogon dovii;Apogon;Apogonidae
Apogon flavus;Apogon;Apogonidae
Apogon imberbis;Apogon;Apogonidae
Apogon lachneri;Apogon;Apogonidae
Apogon limenus;Apogon;Apogonidae
Apogon maculatus;Apogon;Apogonidae
Apogon multilineatus;Apogon;Apogonidae
Apogon notatus;Apogon;Apogonidae
Apogon pacificus;Apogon;Apogonidae
Apogon retrosella;Apogon;Apogonidae
Apogon schlegeli;Apogon;Apogonidae
Apogon townsendi;Apogon;Apogonidae
Apogon urostigma;Apogon;Apogonidae
Apogon victoriae;Apogon;Apogonidae
Apogonichthyoides timorensis;Apogonichthyoides;Apogonidae
Apolemichthys trimaculatus;Apolemichthys;Pomacanthidae
Aprion virescens;Aprion;Lutjanidae
Aracana aurita;Aracana;Aracanidae
Aracana ornata;Aracana;Aracanidae
Argyrosomus japonicus;Argyrosomus;Sciaenidae
Arothron caeruleopunctatus;Arothron;Tetraodontidae
Arothron diadematus;Arothron;Tetraodontidae
Arothron hispidus;Arothron;Tetraodontidae
Arothron manilensis;Arothron;Tetraodontidae
Arothron mappa;Arothron;Tetraodontidae
Arothron meleagris;Arothron;Tetraodontidae
Arothron nigropunctatus;Arothron;Tetraodontidae
Arothron stellatus;Arothron;Tetraodontidae
Arripis georgianus;Arripis;Arripidae
Arripis xylabion;Arripis;Arripidae
Aspidontus dussumieri;Aspidontus;Blenniidae
Aspidontus taeniatus;Aspidontus;Blenniidae
Assessor flavissimus;Assessor;Plesiopidae
Assessor macneilli;Assessor;Plesiopidae
Assessor randalli;Assessor;Plesiopidae
Assiculus punctatus;Assiculus;Pseudochromidae
Asterorhombus intermedius;Asterorhombus;Bothidae
Asterropteryx semipunctata;Asterropteryx;Gobiidae
Asterropteryx striata;Asterropteryx;Gobiidae
Atractoscion aequidens;Atractoscion;Sciaenidae
Atrosalarias holomelas;Atrosalarias;Blenniidae
Atule mate;Atule;Carangidae
Atypichthys latus;Atypichthys;Kyphosidae
Atypichthys strigatus;Atypichthys;Kyphosidae
Aulacocephalus temminckii;Aulacocephalus;Serranidae
Aulostomus chinensis;Aulostomus;Aulostomidae
Aulostomus maculatus;Aulostomus;Aulostomidae
Austrolabrus maculatus;Austrolabrus;Labridae
Axoclinus cocoensis;Axoclinus;Tripterygiidae
Axoclinus lucillae;Axoclinus;Tripterygiidae
Balistapus undulatus;Balistapus;Balistidae
Balistes polylepis;Balistes;Balistidae
Balistes vetula;Balistes;Balistidae
Balistoides conspicillum;Balistoides;Balistidae
Balistoides viridescens;Balistoides;Balistidae
Bathystethus cultratus;Bathystethus;Kyphosidae
Bathytoshia brevicaudata;Bathytoshia;Dasyatidae
Belonoperca chabanaudi;Belonoperca;Serranidae
Blenniella chrysospilos;Blenniella;Blenniidae
Bodianus albotaeniatus;Bodianus;Labridae
Bodianus anthioides;Bodianus;Labridae
Bodianus axillaris;Bodianus;Labridae
Bodianus bilunulatus;Bodianus;Labridae
Bodianus diana;Bodianus;Labridae
Bodianus dictynna;Bodianus;Labridae
Bodianus diplotaenia;Bodianus;Labridae
Bodianus frenchii;Bodianus;Labridae
Bodianus loxozonus;Bodianus;Labridae
Bodianus mesothorax;Bodianus;Labridae
Bodianus perditio;Bodianus;Labridae
Bodianus pulchellus;Bodianus;Labridae
Bodianus rufus;Bodianus;Labridae
Bodianus unimaculatus;Bodianus;Labridae
Bolbometopon muricatum;Bolbometopon;Scaridae
Boopsoidea inornata;Boopsoidea;Sparidae
Bothus leopardinus;Bothus;Bothidae
Bothus mancus;Bothus;Bothidae
Bothus pantherinus;Bothus;Bothidae
Brachaelurus waddi;Brachaelurus;Brachaeluridae
Brachaluteres jacksonianus;Brachaluteres;Monacanthidae
Bryaninops amplus;Bryaninops;Gobiidae
Bryaninops erythrops;Bryaninops;Gobiidae
Bryaninops loki;Bryaninops;Gobiidae
Bryaninops natans;Bryaninops;Gobiidae
Bryaninops nexus;Bryaninops;Gobiidae
Bryaninops yongei;Bryaninops;Gobiidae
Caesio caerulaurea;Caesio;Caesionidae
Caesio cuning;Caesio;Caesionidae
Caesio lunaris;Caesio;Caesionidae
Caesio striata;Caesio;Caesionidae
Caesio suevica;Caesio;Caesionidae
Caesio teres;Caesio;Caesionidae
Caesio varilineata;Caesio;Caesionidae
Caesio xanthonota;Caesio;Caesionidae
Caesioperca lepidoptera;Caesioperca;Serranidae
Caesioperca rasor;Caesioperca;Serranidae
Caffrogobius nudiceps;Caffrogobius;Gobiidae
Calamus bajonado;Calamus;Sparidae
Calamus brachysomus;Calamus;Sparidae
Calamus calamus;Calamus;Sparidae
Calamus pennatula;Calamus;Sparidae
Callanthias australis;Callanthias;Callanthiidae
Calloplesiops altivelis;Calloplesiops;Plesiopidae
Calotomus carolinus;Calotomus;Scaridae
Calotomus japonicus;Calotomus;Scaridae
Calotomus spinidens;Calotomus;Scaridae
Calotomus viridescens;Calotomus;Scaridae
Cantherhines dumerilii;Cantherhines;Monacanthidae
Cantherhines fronticinctus;Cantherhines;Monacanthidae
Cantherhines longicaudus;Cantherhines;Monacanthidae
Cantherhines macrocerus;Cantherhines;Monacanthidae
Cantherhines pardalis;Cantherhines;Monacanthidae
Cantherhines pullus;Cantherhines;Monacanthidae
Cantherhines sandwichiensis;Cantherhines;Monacanthidae
Cantheschenia grandisquamis;Cantheschenia;Monacanthidae
Canthidermis maculata;Canthidermis;Balistidae
Canthidermis sufflamen;Canthidermis;Balistidae
Canthigaster amboinensis;Canthigaster;Tetraodontidae
Canthigaster axiologus;Canthigaster;Tetraodontidae
Canthigaster bennetti;Canthigaster;Tetraodontidae
Canthigaster callisterna;Canthigaster;Tetraodontidae
Canthigaster coronata;Canthigaster;Tetraodontidae
Canthigaster epilampra;Canthigaster;Tetraodontidae
Canthigaster figueiredoi;Canthigaster;Tetraodontidae
Canthigaster jactator;Canthigaster;Tetraodontidae
Canthigaster janthinoptera;Canthigaster;Tetraodontidae
Canthigaster papua;Canthigaster;Tetraodontidae
Canthigaster punctatissima;Canthigaster;Tetraodontidae
Canthigaster rivulata;Canthigaster;Tetraodontidae
Canthigaster rostrata;Canthigaster;Tetraodontidae
Canthigaster smithae;Canthigaster;Tetraodontidae
Canthigaster valentini;Canthigaster;Tetraodontidae
Caprodon longimanus;Caprodon;Serranidae
Caracanthus maculatus;Caracanthus;Scorpaenidae
Caracanthus typicus;Caracanthus;Scorpaenidae
Caracanthus unipinna;Caracanthus;Scorpaenidae
Carangoides bajad;Carangoides;Carangidae
Carangoides bartholomaei;Carangoides;Carangidae
Carangoides chrysophrys;Carangoides;Carangidae
Carangoides ferdau;Carangoides;Carangidae
Carangoides fulvoguttatus;Carangoides;Carangidae
Carangoides gymnostethus;Carangoides;Carangidae
Carangoides oblongus;Carangoides;Carangidae
Carangoides orthogrammus;Carangoides;Carangidae
Carangoides plagiotaenia;Carangoides;Carangidae
Caranx caballus;Caranx;Carangidae
Caranx caninus;Caranx;Carangidae
Caranx crysos;Caranx;Carangidae
Caranx ignobilis;Caranx;Carangidae
Caranx lugubris;Caranx;Carangidae
Caranx melampygus;Caranx;Carangidae
Caranx papuensis;Caranx;Carangidae
Caranx sexfasciatus;Caranx;Carangidae
Carcharhinus albimarginatus;Carcharhinus;Carcharhinidae
Carcharhinus amblyrhynchos;Carcharhinus;Carcharhinidae
Carcharhinus galapagensis;Carcharhinus;Carcharhinidae
Carcharhinus melanopterus;Carcharhinus;Carcharhinidae
Carcharhinus perezii;Carcharhinus;Carcharhinidae
Carcharias taurus;Carcharias;Odontaspididae
Caulolatilus princeps;Caulolatilus;Malacanthidae
Centroberyx lineatus;Centroberyx;Berycidae
Centropogon australis;Centropogon;Tetrarogidae
Centropyge acanthops;Centropyge;Pomacanthidae
Centropyge argi;Centropyge;Pomacanthidae
Centropyge bicolor;Centropyge;Pomacanthidae
Centropyge bispinosa;Centropyge;Pomacanthidae
Centropyge eibli;Centropyge;Pomacanthidae
Centropyge ferrugata;Centropyge;Pomacanthidae
Centropyge fisheri;Centropyge;Pomacanthidae
Centropyge flavissima;Centropyge;Pomacanthidae
Centropyge heraldi;Centropyge;Pomacanthidae
Centropyge hotumatua;Centropyge;Pomacanthidae
Centropyge joculator;Centropyge;Pomacanthidae
Centropyge loricula;Centropyge;Pomacanthidae
Centropyge multispinis;Centropyge;Pomacanthidae
Centropyge nox;Centropyge;Pomacanthidae
Centropyge tibicen;Centropyge;Pomacanthidae
Centropyge vrolikii;Centropyge;Pomacanthidae
Cephalopholis argus;Cephalopholis;Serranidae
Cephalopholis boenak;Cephalopholis;Serranidae
Cephalopholis cruentata;Cephalopholis;Serranidae
Cephalopholis cyanostigma;Cephalopholis;Serranidae
Cephalopholis formosa;Cephalopholis;Serranidae
Cephalopholis fulva;Cephalopholis;Serranidae
Cephalopholis hemistiktos;Cephalopholis;Serranidae
Cephalopholis leopardus;Cephalopholis;Serranidae
Cephalopholis microprion;Cephalopholis;Serranidae
Cephalopholis miniata;Cephalopholis;Serranidae
Cephalopholis panamensis;Cephalopholis;Serranidae
Cephalopholis sexmaculata;Cephalopholis;Serranidae
Cephalopholis sonnerati;Cephalopholis;Serranidae
Cephalopholis spiloparaea;Cephalopholis;Serranidae
Cephalopholis urodeta;Cephalopholis;Serranidae
Cephaloscyllium laticeps;Cephaloscyllium;Scyliorhinidae
Cetoscarus bicolor;Cetoscarus;Scaridae
Cetoscarus ocellatus;Cetoscarus;Scaridae
Chaetodermis penicilligerus;Chaetodermis;Monacanthidae
Chaetodipterus faber;Chaetodipterus;Ephippidae
Chaetodipterus zonatus;Chaetodipterus;Ephippidae
Chaetodon adiergastos;Chaetodon;Chaetodontidae
Chaetodon andamanensis;Chaetodon;Chaetodontidae
Chaetodon argentatus;Chaetodon;Chaetodontidae
Chaetodon assarius;Chaetodon;Chaetodontidae
Chaetodon aureofasciatus;Chaetodon;Chaetodontidae
Chaetodon auriga;Chaetodon;Chaetodontidae
Chaetodon auripes;Chaetodon;Chaetodontidae
Chaetodon austriacus;Chaetodon;Chaetodontidae
Chaetodon baronessa;Chaetodon;Chaetodontidae
Chaetodon bennetti;Chaetodon;Chaetodontidae
Chaetodon capistratus;Chaetodon;Chaetodontidae
Chaetodon citrinellus;Chaetodon;Chaetodontidae
Chaetodon collare;Chaetodon;Chaetodontidae
Chaetodon decussatus;Chaetodon;Chaetodontidae
Chaetodon dolosus;Chaetodon;Chaetodontidae
Chaetodon ephippium;Chaetodon;Chaetodontidae
Chaetodon falcula;Chaetodon;Chaetodontidae
Chaetodon fasciatus;Chaetodon;Chaetodontidae
Chaetodon flavirostris;Chaetodon;Chaetodontidae
Chaetodon guentheri;Chaetodon;Chaetodontidae
Chaetodon guttatissimus;Chaetodon;Chaetodontidae
Chaetodon humeralis;Chaetodon;Chaetodontidae
Chaetodon interruptus;Chaetodon;Chaetodontidae
Chaetodon kleinii;Chaetodon;Chaetodontidae
Chaetodon lineolatus;Chaetodon;Chaetodontidae
Chaetodon litus;Chaetodon;Chaetodontidae
Chaetodon lunula;Chaetodon;Chaetodontidae
Chaetodon lunulatus;Chaetodon;Chaetodontidae
Chaetodon madagaskariensis;Chaetodon;Chaetodontidae
Chaetodon marleyi;Chaetodon;Chaetodontidae
Chaetodon melannotus;Chaetodon;Chaetodontidae
Chaetodon mertensii;Chaetodon;Chaetodontidae
Chaetodon meyeri;Chaetodon;Chaetodontidae
Chaetodon miliaris;Chaetodon;Chaetodontidae
Chaetodon multicinctus;Chaetodon;Chaetodontidae
Chaetodon ocellatus;Chaetodon;Chaetodontidae
Chaetodon ocellicaudus;Chaetodon;Chaetodontidae
Chaetodon octofasciatus;Chaetodon;Chaetodontidae
Chaetodon ornatissimus;Chaetodon;Chaetodontidae
Chaetodon oxycephalus;Chaetodon;Chaetodontidae
Chaetodon paucifasciatus;Chaetodon;Chaetodontidae
Chaetodon pelewensis;Chaetodon;Chaetodontidae
Chaetodon plebeius;Chaetodon;Chaetodontidae
Chaetodon punctatofasciatus;Chaetodon;Chaetodontidae
Chaetodon quadrimaculatus;Chaetodon;Chaetodontidae
Chaetodon rafflesii;Chaetodon;Chaetodontidae
Chaetodon rainfordi;Chaetodon;Chaetodontidae
Chaetodon reticulatus;Chaetodon;Chaetodontidae
Chaetodon sedentarius;Chaetodon;Chaetodontidae
Chaetodon semeion;Chaetodon;Chaetodontidae
Chaetodon semilarvatus;Chaetodon;Chaetodontidae
Chaetodon speculum;Chaetodon;Chaetodontidae
Chaetodon striatus;Chaetodon;Chaetodontidae
Chaetodon triangulum;Chaetodon;Chaetodontidae
Chaetodon trichrous;Chaetodon;Chaetodontidae
Chaetodon tricinctus;Chaetodon;Chaetodontidae
Chaetodon trifascialis;Chaetodon;Chaetodontidae
Chaetodon trifasciatus;Chaetodon;Chaetodontidae
Chaetodon ulietensis;Chaetodon;Chaetodontidae
Chaetodon unimaculatus;Chaetodon;Chaetodontidae
Chaetodon vagabundus;Chaetodon;Chaetodontidae
Chaetodon xanthocephalus;Chaetodon;Chaetodontidae
Chaetodon xanthurus;Chaetodon;Chaetodontidae
Chaetodon zanzibarensis;Chaetodon;Chaetodontidae
Chaetodontoplus conspicillatus;Chaetodontoplus;Pomacanthidae
Chaetodontoplus duboulayi;Chaetodontoplus;Pomacanthidae
Chaetodontoplus meredithi;Chaetodontoplus;Pomacanthidae
Chaetodontoplus mesoleucus;Chaetodontoplus;Pomacanthidae
Chaetodontoplus personifer;Chaetodontoplus;Pomacanthidae
Chaetodontoplus septentrionalis;Chaetodontoplus;Pomacanthidae
Chanos chanos;Chanos;Chanidae
Cheilinus chlorourus;Cheilinus;Labridae
Cheilinus fasciatus;Cheilinus;Labridae
Cheilinus lunulatus;Cheilinus;Labridae
Cheilinus oxycephalus;Cheilinus;Labridae
Cheilinus trilobatus;Cheilinus;Labridae
Cheilinus undulatus;Cheilinus;Labridae
Cheilio inermis;Cheilio;Labridae
Cheilodactylus ephippium;Cheilodactylus;Cheilodactylidae
Cheilodactylus fasciatus;Cheilodactylus;Cheilodactylidae
Cheilodactylus francisi;Cheilodactylus;Cheilodactylidae
Cheilodactylus fuscus;Cheilodactylus;Cheilodactylidae
Cheilodactylus gibbosus;Cheilodactylus;Cheilodactylidae
Cheilodactylus nigripes;Cheilodactylus;Cheilodactylidae
Cheilodactylus pixi;Cheilodactylus;Cheilodactylidae
Cheilodactylus rubrolabiatus;Cheilodactylus;Cheilodactylidae
Cheilodactylus spectabilis;Cheilodactylus;Cheilodactylidae
Cheilodactylus vestitus;Cheilodactylus;Cheilodactylidae
Cheilodipterus arabicus;Cheilodipterus;Apogonidae
Cheilodipterus artus;Cheilodipterus;Apogonidae
Cheilodipterus intermedius;Cheilodipterus;Apogonidae
Cheilodipterus isostigmus;Cheilodipterus;Apogonidae
Cheilodipterus macrodon;Cheilodipterus;Apogonidae
Cheilodipterus nigrotaeniatus;Cheilodipterus;Apogonidae
Cheilodipterus quinquelineatus;Cheilodipterus;Apogonidae
Cheiloprion labiatus;Cheiloprion;Pomacentridae
Chelmon marginalis;Chelmon;Chaetodontidae
Chelmon rostratus;Chelmon;Chaetodontidae
Chelmonops curiosus;Chelmonops;Chaetodontidae
Chelmonops truncatus;Chelmonops;Chaetodontidae
Chilomycterus antennatus;Chilomycterus;Diodontidae
Chilomycterus reticulatus;Chilomycterus;Diodontidae
Chiloscyllium punctatum;Chiloscyllium;Hemiscylliidae
Chirodactylus brachydactylus;Chirodactylus;Cheilodactylidae
Chironemus marmoratus;Chironemus;Chironemidae
Chlorurus atrilunula;Chlorurus;Scaridae
Chlorurus bleekeri;Chlorurus;Scaridae
Chlorurus bowersi;Chlorurus;Scaridae
Chlorurus capistratoides;Chlorurus;Scaridae
Chlorurus frontalis;Chlorurus;Scaridae
Chlorurus gibbus;Chlorurus;Scaridae
Chlorurus japanensis;Chlorurus;Scaridae
Chlorurus microrhinos;Chlorurus;Scaridae
Chlorurus rhakoura;Chlorurus;Scaridae
Chlorurus sordidus;Chlorurus;Scaridae
Chlorurus spilurus;Chlorurus;Scaridae
Chlorurus strongylocephalus;Chlorurus;Scaridae
Choerodon anchorago;Choerodon;Labridae
Choerodon azurio;Choerodon;Labridae
Choerodon cauteroma;Choerodon;Labridae
Choerodon cephalotes;Choerodon;Labridae
Choerodon cyanodus;Choerodon;Labridae
Choerodon fasciatus;Choerodon;Labridae
Choerodon graphicus;Choerodon;Labridae
Choerodon jordani;Choerodon;Labridae
Choerodon monostigma;Choerodon;Labridae
Choerodon rubescens;Choerodon;Labridae
Choerodon schoenleinii;Choerodon;Labridae
Choerodon vitta;Choerodon;Labridae
Chromileptes altivelis;Chromileptes;Serranidae
Chromis abrupta;Chromis;Pomacentridae
Chromis acares;Chromis;Pomacentridae
Chromis agilis;Chromis;Pomacentridae
Chromis alpha;Chromis;Pomacentridae
Chromis alta;Chromis;Pomacentridae
Chromis amboinensis;Chromis;Pomacentridae
Chromis analis;Chromis;Pomacentridae
Chromis atrilobata;Chromis;Pomacentridae
Chromis atripectoralis;Chromis;Pomacentridae
Chromis atripes;Chromis;Pomacentridae
Chromis bami;Chromis;Pomacentridae
Chromis caudalis;Chromis;Pomacentridae
Chromis chromis;Chromis;Pomacentridae
Chromis chrysura;Chromis;Pomacentridae
Chromis cinerascens;Chromis;Pomacentridae
Chromis cyanea;Chromis;Pomacentridae
Chromis dimidiata;Chromis;Pomacentridae
Chromis dispilus;Chromis;Pomacentridae
Chromis elerae;Chromis;Pomacentridae
Chromis flavaxilla;Chromis;Pomacentridae
Chromis flavipectoralis;Chromis;Pomacentridae
Chromis flavomaculata;Chromis;Pomacentridae
Chromis fumea;Chromis;Pomacentridae
Chromis hanui;Chromis;Pomacentridae
Chromis hypsilepis;Chromis;Pomacentridae
Chromis insolata;Chromis;Pomacentridae
Chromis iomelas;Chromis;Pomacentridae
Chromis klunzingeri;Chromis;Pomacentridae
Chromis lepidolepis;Chromis;Pomacentridae
Chromis lineata;Chromis;Pomacentridae
Chromis margaritifer;Chromis;Pomacentridae
Chromis multilineata;Chromis;Pomacentridae
Chromis nigrura;Chromis;Pomacentridae
Chromis nitida;Chromis;Pomacentridae
Chromis notata;Chromis;Pomacentridae
Chromis opercularis;Chromis;Pomacentridae
Chromis ovalis;Chromis;Pomacentridae
Chromis pamae;Chromis;Pomacentridae
Chromis pembae;Chromis;Pomacentridae
Chromis randalli;Chromis;Pomacentridae
Chromis retrofasciata;Chromis;Pomacentridae
Chromis scotochiloptera;Chromis;Pomacentridae
Chromis scotti;Chromis;Pomacentridae
Chromis ternatensis;Chromis;Pomacentridae
Chromis vanderbilti;Chromis;Pomacentridae
Chromis viridis;Chromis;Pomacentridae
Chromis weberi;Chromis;Pomacentridae
Chromis westaustralis;Chromis;Pomacentridae
Chromis xanthochira;Chromis;Pomacentridae
Chromis xanthura;Chromis;Pomacentridae
Chromis xutha;Chromis;Pomacentridae
Chrysiptera biocellata;Chrysiptera;Pomacentridae
Chrysiptera bleekeri;Chrysiptera;Pomacentridae
Chrysiptera brownriggii;Chrysiptera;Pomacentridae
Chrysiptera caesifrons;Chrysiptera;Pomacentridae
Chrysiptera cyanea;Chrysiptera;Pomacentridae
Chrysiptera flavipinnis;Chrysiptera;Pomacentridae
Chrysiptera galba;Chrysiptera;Pomacentridae
Chrysiptera glauca;Chrysiptera;Pomacentridae
Chrysiptera hemicyanea;Chrysiptera;Pomacentridae
Chrysiptera notialis;Chrysiptera;Pomacentridae
Chrysiptera oxycephala;Chrysiptera;Pomacentridae
Chrysiptera parasema;Chrysiptera;Pomacentridae
Chrysiptera rapanui;Chrysiptera;Pomacentridae
Chrysiptera rex;Chrysiptera;Pomacentridae
Chrysiptera rollandi;Chrysiptera;Pomacentridae
Chrysiptera springeri;Chrysiptera;Pomacentridae
Chrysiptera starcki;Chrysiptera;Pomacentridae
Chrysiptera talboti;Chrysiptera;Pomacentridae
Chrysiptera taupou;Chrysiptera;Pomacentridae
Chrysiptera traceyi;Chrysiptera;Pomacentridae
Chrysiptera tricincta;Chrysiptera;Pomacentridae
Chrysiptera unimaculata;Chrysiptera;Pomacentridae
Chrysoblephus laticeps;Chrysoblephus;Sparidae
Chrysophrys auratus;Chrysophrys;Sparidae
Cirrhilabrus  scottorum;Cirrhilabrus;Labridae
Cirrhilabrus cyanopleura;Cirrhilabrus;Labridae
Cirrhilabrus exquisitus;Cirrhilabrus;Labridae
Cirrhilabrus flavidorsalis;Cirrhilabrus;Labridae
Cirrhilabrus katherinae;Cirrhilabrus;Labridae
Cirrhilabrus laboutei;Cirrhilabrus;Labridae
Cirrhilabrus lineatus;Cirrhilabrus;Labridae
Cirrhilabrus punctatus;Cirrhilabrus;Labridae
Cirrhilabrus randalli;Cirrhilabrus;Labridae
Cirrhilabrus scottorum;Cirrhilabrus;Labridae
Cirrhilabrus solorensis;Cirrhilabrus;Labridae
Cirrhilabrus temminckii;Cirrhilabrus;Labridae
Cirrhilabrus walindi;Cirrhilabrus;Labridae
Cirrhitichthys aprinus;Cirrhitichthys;Cirrhitidae
Cirrhitichthys falco;Cirrhitichthys;Cirrhitidae
Cirrhitichthys oxycephalus;Cirrhitichthys;Cirrhitidae
Cirrhitops fasciatus;Cirrhitops;Cirrhitidae
Cirrhitops hubbardi;Cirrhitops;Cirrhitidae
Cirrhitus pinnulatus;Cirrhitus;Cirrhitidae
Cirrhitus rivulatus;Cirrhitus;Cirrhitidae
Cirripectes alboapicalis;Cirripectes;Blenniidae
Cirripectes alleni;Cirripectes;Blenniidae
Cirripectes auritus;Cirripectes;Blenniidae
Cirripectes castaneus;Cirripectes;Blenniidae
Cirripectes chelomatus;Cirripectes;Blenniidae
Cirripectes filamentosus;Cirripectes;Blenniidae
Cirripectes fuscoguttatus;Cirripectes;Blenniidae
Cirripectes hutchinsi;Cirripectes;Blenniidae
Cirripectes polyzona;Cirripectes;Blenniidae
Cirripectes springeri;Cirripectes;Blenniidae
Cirripectes stigmaticus;Cirripectes;Blenniidae
Cirripectes vanderbilti;Cirripectes;Blenniidae
Cirripectes variolosus;Cirripectes;Blenniidae
Cleidopus gloriamaris;Cleidopus;Monocentridae
Clepticus parrae;Clepticus;Labridae
Cnidoglanis macrocephalus;Cnidoglanis;Plotosidae
Coradion altivelis;Coradion;Chaetodontidae
Coradion chrysozonus;Coradion;Chaetodontidae
Coris auricularis;Coris;Labridae
Coris aurilineata;Coris;Labridae
Coris aygula;Coris;Labridae
Coris batuensis;Coris;Labridae
Coris bulbifrons;Coris;Labridae
Coris caudimacula;Coris;Labridae
Coris centralis;Coris;Labridae
Coris cuvieri;Coris;Labridae
Coris debueni;Coris;Labridae
Coris dorsomacula;Coris;Labridae
Coris formosa;Coris;Labridae
Coris gaimard;Coris;Labridae
Coris hewetti;Coris;Labridae
Coris julis;Coris;Labridae
Coris picta;Coris;Labridae
Coris pictoides;Coris;Labridae
Coris roseoviridis;Coris;Labridae
Coris sandeyeri;Coris;Labridae
Coris venusta;Coris;Labridae
Coryphopterus dicrus;Coryphopterus;Gobiidae
Coryphopterus eidolon;Coryphopterus;Gobiidae
Coryphopterus glaucofraenum;Coryphopterus;Gobiidae
Coryphopterus hyalinus;Coryphopterus;Gobiidae
Coryphopterus lipernes;Coryphopterus;Gobiidae
Coryphopterus personatus;Coryphopterus;Gobiidae
Coryphopterus tortugae;Coryphopterus;Gobiidae
Coryphopterus urospilus;Coryphopterus;Gobiidae
Corythoichthys conspicillatus;Corythoichthys;Syngnathidae
Corythoichthys haematopterus;Corythoichthys;Syngnathidae
Corythoichthys intestinalis;Corythoichthys;Syngnathidae
Corythoichthys schultzi;Corythoichthys;Syngnathidae
Crenimugil crenilabis;Crenimugil;Mugilidae
Crossosalarias macrospilus;Crossosalarias;Blenniidae
Cryptocentrus caeruleomaculatus;Cryptocentrus;Gobiidae
Cryptocentrus caeruleopunctatus;Cryptocentrus;Gobiidae
Cryptocentrus cinctus;Cryptocentrus;Gobiidae
Cryptocentrus cryptocentrus;Cryptocentrus;Gobiidae
Cryptocentrus fasciatus;Cryptocentrus;Gobiidae
Cryptocentrus leptocephalus;Cryptocentrus;Gobiidae
Cryptocentrus strigilliceps;Cryptocentrus;Gobiidae
Ctenochaetus binotatus;Ctenochaetus;Acanthuridae
Ctenochaetus cyanocheilus;Ctenochaetus;Acanthuridae
Ctenochaetus flavicauda;Ctenochaetus;Acanthuridae
Ctenochaetus hawaiiensis;Ctenochaetus;Acanthuridae
Ctenochaetus marginatus;Ctenochaetus;Acanthuridae
Ctenochaetus striatus;Ctenochaetus;Acanthuridae
Ctenochaetus tominiensis;Ctenochaetus;Acanthuridae
Ctenochaetus truncatus;Ctenochaetus;Acanthuridae
Ctenogobiops crocineus;Ctenogobiops;Gobiidae
Ctenogobiops feroculus;Ctenogobiops;Gobiidae
Ctenogobiops mitodes;Ctenogobiops;Gobiidae
Ctenogobiops pomastictus;Ctenogobiops;Gobiidae
Ctenogobiops tangaroai;Ctenogobiops;Gobiidae
Cybiosarda elegans;Cybiosarda;Scombridae
Cyclichthys orbicularis;Cyclichthys;Diodontidae
Cymbacephalus beauforti;Cymbacephalus;Platycephalidae
Cypho purpurascens;Cypho;Pseudochromidae
Cypho zaps;Cypho;Pseudochromidae
Cyprinocirrhites polyactis;Cyprinocirrhites;Cirrhitidae
Dactylophora nigricans;Dactylophora;Cheilodactylidae
Dascyllus albisella;Dascyllus;Pomacentridae
Dascyllus aruanus;Dascyllus;Pomacentridae
Dascyllus carneus;Dascyllus;Pomacentridae
Dascyllus flavicaudus;Dascyllus;Pomacentridae
Dascyllus melanurus;Dascyllus;Pomacentridae
Dascyllus reticulatus;Dascyllus;Pomacentridae
Dascyllus strasburgi;Dascyllus;Pomacentridae
Dascyllus trimaculatus;Dascyllus;Pomacentridae
Dasyatis americana;Dasyatis;Dasyatidae
Dasyatis brevis;Dasyatis;Dasyatidae
Dasyatis longa;Dasyatis;Dasyatidae
Dasyatis thetidis;Dasyatis;Dasyatidae
Decapterus koheru;Decapterus;Carangidae
Decapterus macarellus;Decapterus;Carangidae
Decapterus punctatus;Decapterus;Carangidae
Dendrochirus barberi;Dendrochirus;Scorpaenidae
Dendrochirus zebra;Dendrochirus;Scorpaenidae
Dermatolepis dermatolepis;Dermatolepis;Serranidae
Diademichthys lineatus;Diademichthys;Gobiesocidae
Diagramma labiosum;Diagramma;Haemulidae
Diagramma melanacrum;Diagramma;Haemulidae
Dicotylichthys punctulatus;Dicotylichthys;Diodontidae
Dinolestes lewini;Dinolestes;Dinolestidae
Diodon holocanthus;Diodon;Diodontidae
Diodon hystrix;Diodon;Diodontidae
Diodon liturosus;Diodon;Diodontidae
Diodon nicthemerus;Diodon;Diodontidae
Diplodus argenteus;Diplodus;Sparidae
Diplodus capensis;Diplodus;Sparidae
Diplodus cervinus;Diplodus;Sparidae
Diplodus vulgaris;Diplodus;Sparidae
Diplogrammus goramensis;Diplogrammus;Callionymidae
Diplogrammus xenicus;Diplogrammus;Callionymidae
Diploprion bifasciatum;Diploprion;Serranidae
Diproctacanthus xanthurus;Diproctacanthus;Labridae
Dischistodus chrysopoecilus;Dischistodus;Pomacentridae
Dischistodus darwiniensis;Dischistodus;Pomacentridae
Dischistodus melanotus;Dischistodus;Pomacentridae
Dischistodus perspicillatus;Dischistodus;Pomacentridae
Dischistodus prosopotaenia;Dischistodus;Pomacentridae
Dischistodus pseudochrysopoecilus;Dischistodus;Pomacentridae
Doratonotus megalepis;Doratonotus;Labridae
Doryrhamphus excisus;Doryrhamphus;Syngnathidae
Dotalabrus alleni;Dotalabrus;Labridae
Dotalabrus aurantiacus;Dotalabrus;Labridae
Dunckerocampus dactyliophorus;Dunckerocampus;Syngnathidae
Echeneis naucrates;Echeneis;Echeneidae
Echeneis neucratoides;Echeneis;Echeneidae
Echidna nebulosa;Echidna;Muraenidae
Echidna nocturna;Echidna;Muraenidae
Ecsenius aequalis;Ecsenius;Blenniidae
Ecsenius alleni;Ecsenius;Blenniidae
Ecsenius australianus;Ecsenius;Blenniidae
Ecsenius bandanus;Ecsenius;Blenniidae
Ecsenius bathi;Ecsenius;Blenniidae
Ecsenius bicolor;Ecsenius;Blenniidae
Ecsenius fijiensis;Ecsenius;Blenniidae
Ecsenius fourmanoiri;Ecsenius;Blenniidae
Ecsenius lineatus;Ecsenius;Blenniidae
Ecsenius lividanalis;Ecsenius;Blenniidae
Ecsenius mandibularis;Ecsenius;Blenniidae
Ecsenius midas;Ecsenius;Blenniidae
Ecsenius minutus;Ecsenius;Blenniidae
Ecsenius nalolo;Ecsenius;Blenniidae
Ecsenius namiyei;Ecsenius;Blenniidae
Ecsenius oculatus;Ecsenius;Blenniidae
Ecsenius ops;Ecsenius;Blenniidae
Ecsenius prooculis;Ecsenius;Blenniidae
Ecsenius schroederi;Ecsenius;Blenniidae
Ecsenius stictus;Ecsenius;Blenniidae
Ecsenius stigmatura;Ecsenius;Blenniidae
Ecsenius tigris;Ecsenius;Blenniidae
Ecsenius trilineatus;Ecsenius;Blenniidae
Ecsenius yaeyamaensis;Ecsenius;Blenniidae
Elacatinus evelynae;Elacatinus;Gobiidae
Elacatinus figaro;Elacatinus;Gobiidae
Elacatinus genie;Elacatinus;Gobiidae
Elacatinus lobeli;Elacatinus;Gobiidae
Elacatinus oceanops;Elacatinus;Gobiidae
Elacatinus prochilos;Elacatinus;Gobiidae
Elacatinus puncticulatus;Elacatinus;Gobiidae
Elacatinus randalli;Elacatinus;Gobiidae
Elacatinus saucrus;Elacatinus;Gobiidae
Elacatinus xanthiprora;Elacatinus;Gobiidae
Elagatis bipinnulata;Elagatis;Carangidae
Elops affinis;Elops;Elopidae
Emblemariopsis signifer;Emblemariopsis;Chaenopsidae
Enchelycore ramosa;Enchelycore;Muraenidae
Enneapterygius atrogulare;Enneapterygius;Tripterygiidae
Enneapterygius flavoccipitis;Enneapterygius;Tripterygiidae
Enneapterygius hemimelas;Enneapterygius;Tripterygiidae
Enneapterygius kermadecensis;Enneapterygius;Tripterygiidae
Enneapterygius rufopileus;Enneapterygius;Tripterygiidae
Enneapterygius similis;Enneapterygius;Tripterygiidae
Enneapterygius tutuilae;Enneapterygius;Tripterygiidae
Enoplosus armatus;Enoplosus;Enoplosidae
Eocallionymus papilio;Eocallionymus;Callionymidae
Epibulus brevis;Epibulus;Labridae
Epibulus insidiator;Epibulus;Labridae
Epinephelides armatus;Epinephelides;Serranidae
Epinephelus adscensionis;Epinephelus;Serranidae
Epinephelus areolatus;Epinephelus;Serranidae
Epinephelus bilobatus;Epinephelus;Serranidae
Epinephelus bleekeri;Epinephelus;Serranidae
Epinephelus coeruleopunctatus;Epinephelus;Serranidae
Epinephelus coioides;Epinephelus;Serranidae
Epinephelus corallicola;Epinephelus;Serranidae
Epinephelus cyanopodus;Epinephelus;Serranidae
Epinephelus daemelii;Epinephelus;Serranidae
Epinephelus fasciatus;Epinephelus;Serranidae
Epinephelus fuscoguttatus;Epinephelus;Serranidae
Epinephelus guttatus;Epinephelus;Serranidae
Epinephelus hexagonatus;Epinephelus;Serranidae
Epinephelus howlandi;Epinephelus;Serranidae
Epinephelus irroratus;Epinephelus;Serranidae
Epinephelus itajara;Epinephelus;Serranidae
Epinephelus labriformis;Epinephelus;Serranidae
Epinephelus lanceolatus;Epinephelus;Serranidae
Epinephelus longispinis;Epinephelus;Serranidae
Epinephelus macrospilos;Epinephelus;Serranidae
Epinephelus maculatus;Epinephelus;Serranidae
Epinephelus malabaricus;Epinephelus;Serranidae
Epinephelus melanostigma;Epinephelus;Serranidae
Epinephelus merra;Epinephelus;Serranidae
Epinephelus morio;Epinephelus;Serranidae
Epinephelus multinotatus;Epinephelus;Serranidae
Epinephelus octofasciatus;Epinephelus;Serranidae
Epinephelus ongus;Epinephelus;Serranidae
Epinephelus polyphekadion;Epinephelus;Serranidae
Epinephelus quoyanus;Epinephelus;Serranidae
Epinephelus rivulatus;Epinephelus;Serranidae
Epinephelus socialis;Epinephelus;Serranidae
Epinephelus spilotoceps;Epinephelus;Serranidae
Epinephelus striatus;Epinephelus;Serranidae
Epinephelus tauvina;Epinephelus;Serranidae
Epinephelus tukula;Epinephelus;Serranidae
Epinephelus undulatostriatus;Epinephelus;Serranidae
Equetus punctatus;Equetus;Sciaenidae
Eubalichthys bucephalus;Eubalichthys;Monacanthidae
Eubalichthys caeruleoguttatus;Eubalichthys;Monacanthidae
Eubalichthys cyanoura;Eubalichthys;Monacanthidae
Eubalichthys mosaicus;Eubalichthys;Monacanthidae
Eucrossorhinus dasypogon;Eucrossorhinus;Orectolobidae
Eupetrichthys angustipes;Eupetrichthys;Labridae
Euthynnus affinis;Euthynnus;Scombridae
Euthynnus lineatus;Euthynnus;Scombridae
Eviota  punctulata;Eviota;Gobiidae
Eviota albolineata;Eviota;Gobiidae
Eviota atriventris;Eviota;Gobiidae
Eviota bifasciata;Eviota;Gobiidae
Eviota bimaculata;Eviota;Gobiidae
Eviota fasciola;Eviota;Gobiidae
Eviota guttata;Eviota;Gobiidae
Eviota hoesei;Eviota;Gobiidae
Eviota latifasciata;Eviota;Gobiidae
Eviota melasma;Eviota;Gobiidae
Eviota mikiae;Eviota;Gobiidae
Eviota nigriventris;Eviota;Gobiidae
Eviota pellucida;Eviota;Gobiidae
Eviota prasites;Eviota;Gobiidae
Eviota queenslandica;Eviota;Gobiidae
Eviota raja;Eviota;Gobiidae
Eviota rubriceps;Eviota;Gobiidae
Eviota sebreei;Eviota;Gobiidae
Eviota sigillata;Eviota;Gobiidae
Eviota storthynx;Eviota;Gobiidae
Eviota zebrina;Eviota;Gobiidae
Evistias acutirostris;Evistias;Pentacerotidae
Exallias brevis;Exallias;Blenniidae
Exyrias belissimus;Exyrias;Gobiidae
Fistularia commersonii;Fistularia;Fistulariidae
Fistularia petimba;Fistularia;Fistulariidae
Fistularia tabacaria;Fistularia;Fistulariidae
Forcipiger flavissimus;Forcipiger;Chaetodontidae
Forcipiger longirostris;Forcipiger;Chaetodontidae
Forsterygion flavonigrum;Forsterygion;Tripterygiidae
Forsterygion lapillum;Forsterygion;Tripterygiidae
Forsterygion malcolmi;Forsterygion;Tripterygiidae
Forsterygion maryannae;Forsterygion;Tripterygiidae
Forsterygion varium;Forsterygion;Tripterygiidae
Fusigobius duospilus;Fusigobius;Gobiidae
Fusigobius inframaculatus;Fusigobius;Gobiidae
Fusigobius melacron;Fusigobius;Gobiidae
Fusigobius neophytus;Fusigobius;Gobiidae
Fusigobius signipinnis;Fusigobius;Gobiidae
Galeocerdo cuvier;Galeocerdo;Carcharhinidae
Genicanthus lamarck;Genicanthus;Pomacanthidae
Genicanthus melanospilos;Genicanthus;Pomacanthidae
Genicanthus semicinctus;Genicanthus;Pomacanthidae
Genicanthus watanabei;Genicanthus;Pomacanthidae
Gerres cinereus;Gerres;Gerreidae
Gerres equulus;Gerres;Gerreidae
Gerres subfasciatus;Gerres;Gerreidae
Ginglymostoma cirratum;Ginglymostoma;Ginglymostomatidae
Girella cyanea;Girella;Kyphosidae
Girella elevata;Girella;Kyphosidae
Girella freminvillii;Girella;Kyphosidae
Girella punctata;Girella;Kyphosidae
Girella tricuspidata;Girella;Kyphosidae
Girella zebra;Girella;Kyphosidae
Gladiogobius  brevispinis;Gladiogobius;Gobiidae
Glaucosoma magnificum;Glaucosoma;Glaucosomatidae
Glaucosoma scapulare;Glaucosoma;Glaucosomatidae
Glyptoparus delicatulus;Glyptoparus;Blenniidae
Gnathanodon speciosus;Gnathanodon;Carangidae
Gnathodentex aureolineatus;Gnathodentex;Lethrinidae
Gnatholepis anjerensis;Gnatholepis;Gobiidae
Gnatholepis cauerensis;Gnatholepis;Gobiidae
Gnatholepis thompsoni;Gnatholepis;Gobiidae
Gobiodon  histrio;Gobiodon;Gobiidae
Gobiodon citrinus;Gobiodon;Gobiidae
Gobiodon heterospilos;Gobiodon;Gobiidae
Gobiodon histrio;Gobiodon;Gobiidae
Gobiodon okinawae;Gobiodon;Gobiidae
Gobiodon quinquestrigatus;Gobiodon;Gobiidae
Gobiodon spilophthalmus;Gobiodon;Gobiidae
Gobius fallax;Gobius;Gobiidae
Gomphosus caeruleus;Gomphosus;Labridae
Gomphosus varius;Gomphosus;Labridae
Goniistius plessisi;Goniistius;Cheilodactylidae
Goniistius zebra;Goniistius;Cheilodactylidae
Goniistius zonatus;Goniistius;Cheilodactylidae
Gorgasia galzini;Gorgasia;Congridae
Gracila albomarginata;Gracila;Serranidae
Gramma brasiliensis;Gramma;Grammatidae
Gramma loreto;Gramma;Grammatidae
Grammatorcynus bicarinatus;Grammatorcynus;Scombridae
Grammatorcynus bilineatus;Grammatorcynus;Scombridae
Grammistes sexlineatus;Grammistes;Serranidae
Gunnellichthys monostigma;Gunnellichthys;Microdesmidae
Gymnocaesio gymnoptera;Gymnocaesio;Caesionidae
Gymnocranius audleyi;Gymnocranius;Lethrinidae
Gymnocranius euanus;Gymnocranius;Lethrinidae
Gymnocranius microdon;Gymnocranius;Lethrinidae
Gymnocranius superciliosus;Gymnocranius;Lethrinidae
Gymnocrotaphus curvidens;Gymnocrotaphus;Sparidae
Gymnomuraena zebra;Gymnomuraena;Muraenidae
Gymnosarda unicolor;Gymnosarda;Scombridae
Gymnothorax annasona;Gymnothorax;Muraenidae
Gymnothorax breedeni;Gymnothorax;Muraenidae
Gymnothorax castaneus;Gymnothorax;Muraenidae
Gymnothorax dovii;Gymnothorax;Muraenidae
Gymnothorax eurostus;Gymnothorax;Muraenidae
Gymnothorax favagineus;Gymnothorax;Muraenidae
Gymnothorax flavimarginatus;Gymnothorax;Muraenidae
Gymnothorax funebris;Gymnothorax;Muraenidae
Gymnothorax isingteena;Gymnothorax;Muraenidae
Gymnothorax javanicus;Gymnothorax;Muraenidae
Gymnothorax meleagris;Gymnothorax;Muraenidae
Gymnothorax miliaris;Gymnothorax;Muraenidae
Gymnothorax moringa;Gymnothorax;Muraenidae
Gymnothorax nubilus;Gymnothorax;Muraenidae
Gymnothorax panamensis;Gymnothorax;Muraenidae
Gymnothorax pictus;Gymnothorax;Muraenidae
Gymnothorax porphyreus;Gymnothorax;Muraenidae
Gymnothorax prasinus;Gymnothorax;Muraenidae
Gymnothorax prionodon;Gymnothorax;Muraenidae
Gymnothorax thrysoideus;Gymnothorax;Muraenidae
Gymnothorax undulatus;Gymnothorax;Muraenidae
Haemulon album;Haemulon;Haemulidae
Haemulon aurolineatum;Haemulon;Haemulidae
Haemulon carbonarium;Haemulon;Haemulidae
Haemulon chrysargyreum;Haemulon;Haemulidae
Haemulon flaviguttatum;Haemulon;Haemulidae
Haemulon flavolineatum;Haemulon;Haemulidae
Haemulon macrostomum;Haemulon;Haemulidae
Haemulon maculicauda;Haemulon;Haemulidae
Haemulon parra;Haemulon;Haemulidae
Haemulon plumierii;Haemulon;Haemulidae
Haemulon sciurus;Haemulon;Haemulidae
Haemulon scudderii;Haemulon;Haemulidae
Haemulon sexfasciatum;Haemulon;Haemulidae
Haemulon steindachneri;Haemulon;Haemulidae
Halichoeres adustus;Halichoeres;Labridae
Halichoeres argus;Halichoeres;Labridae
Halichoeres biocellatus;Halichoeres;Labridae
Halichoeres bivittatus;Halichoeres;Labridae
Halichoeres brasiliensis;Halichoeres;Labridae
Halichoeres brownfieldi;Halichoeres;Labridae
Halichoeres chierchiae;Halichoeres;Labridae
Halichoeres chloropterus;Halichoeres;Labridae
Halichoeres chrysus;Halichoeres;Labridae
Halichoeres cosmetus;Halichoeres;Labridae
Halichoeres cyanocephalus;Halichoeres;Labridae
Halichoeres dimidiatus;Halichoeres;Labridae
Halichoeres discolor;Halichoeres;Labridae
Halichoeres dispilus;Halichoeres;Labridae
Halichoeres erdmanni;Halichoeres;Labridae
Halichoeres garnoti;Halichoeres;Labridae
Halichoeres hartzfeldii;Halichoeres;Labridae
Halichoeres hortulanus;Halichoeres;Labridae
Halichoeres iridis;Halichoeres;Labridae
Halichoeres leucoxanthus;Halichoeres;Labridae
Halichoeres leucurus;Halichoeres;Labridae
Halichoeres maculipinna;Halichoeres;Labridae
Halichoeres malpelo;Halichoeres;Labridae
Halichoeres margaritaceus;Halichoeres;Labridae
Halichoeres marginatus;Halichoeres;Labridae
Halichoeres melanochir;Halichoeres;Labridae
Halichoeres melanurus;Halichoeres;Labridae
Halichoeres melasmapomus;Halichoeres;Labridae
Halichoeres miniatus;Halichoeres;Labridae
Halichoeres nebulosus;Halichoeres;Labridae
Halichoeres nicholsi;Halichoeres;Labridae
Halichoeres nigrescens;Halichoeres;Labridae
Halichoeres notospilus;Halichoeres;Labridae
Halichoeres orientalis;Halichoeres;Labridae
Halichoeres ornatissimus;Halichoeres;Labridae
Halichoeres pictus;Halichoeres;Labridae
Halichoeres poeyi;Halichoeres;Labridae
Halichoeres prosopeion;Halichoeres;Labridae
Halichoeres radiatus;Halichoeres;Labridae
Halichoeres richmondi;Halichoeres;Labridae
Halichoeres salmofasciatus;Halichoeres;Labridae
Halichoeres scapularis;Halichoeres;Labridae
Halichoeres semicinctus;Halichoeres;Labridae
Halichoeres solorensis;Halichoeres;Labridae
Halichoeres tenuispinis;Halichoeres;Labridae
Halichoeres timorensis;Halichoeres;Labridae
Halichoeres trimaculatus;Halichoeres;Labridae
Haploblepharus edwardsii;Haploblepharus;Scyliorhinidae
Helcogramma chica;Helcogramma;Tripterygiidae
Helcogramma decurrens;Helcogramma;Tripterygiidae
Helcogramma maldivensis;Helcogramma;Tripterygiidae
Helcogramma striatum;Helcogramma;Tripterygiidae
Hemiglyphidodon plagiometopon;Hemiglyphidodon;Pomacentridae
Hemigymnus fasciatus;Hemigymnus;Labridae
Hemigymnus melapterus;Hemigymnus;Labridae
Hemiscyllium ocellatum;Hemiscyllium;Hemiscylliidae
Hemiscyllium trispeculare;Hemiscyllium;Hemiscylliidae
Hemitaurichthys multispinosus;Hemitaurichthys;Chaetodontidae
Hemitaurichthys polylepis;Hemitaurichthys;Chaetodontidae
Hemitaurichthys thompsoni;Hemitaurichthys;Chaetodontidae
Hemitaurichthys zoster;Hemitaurichthys;Chaetodontidae
Heniochus acuminatus;Heniochus;Chaetodontidae
Heniochus chrysostomus;Heniochus;Chaetodontidae
Heniochus diphreutes;Heniochus;Chaetodontidae
Heniochus intermedius;Heniochus;Chaetodontidae
Heniochus monoceros;Heniochus;Chaetodontidae
Heniochus pleurotaenia;Heniochus;Chaetodontidae
Heniochus singularius;Heniochus;Chaetodontidae
Heniochus varius;Heniochus;Chaetodontidae
Heteroconger hassi;Heteroconger;Congridae
Heteroconger klausewitzi;Heteroconger;Congridae
Heterodontus galeatus;Heterodontus;Heterodontidae
Heterodontus portusjacksoni;Heterodontus;Heterodontidae
Heteropriacanthus cruentatus;Heteropriacanthus;Priacanthidae
Heteroscarus acroptilus;Heteroscarus;Odacidae
Hippocampus bargibanti;Hippocampus;Syngnathidae
Hipposcarus harid;Hipposcarus;Scaridae
Hipposcarus longiceps;Hipposcarus;Scaridae
Holacanthus bermudensis;Holacanthus;Pomacanthidae
Holacanthus ciliaris;Holacanthus;Pomacanthidae
Holacanthus passer;Holacanthus;Pomacanthidae
Holacanthus tricolor;Holacanthus;Pomacanthidae
Holocentrus adscensionis;Holocentrus;Holocentridae
Holocentrus rufus;Holocentrus;Holocentridae
Hologymnosus annulatus;Hologymnosus;Labridae
Hologymnosus doliatus;Hologymnosus;Labridae
Hoplolatilus cuniculus;Hoplolatilus;Malacanthidae
Hoplolatilus starcki;Hoplolatilus;Malacanthidae
Hoplopagrus guentherii;Hoplopagrus;Lutjanidae
Hyperlophus vittatus;Hyperlophus;Clupeidae
Hypnos monopterygius;Hypnos;Hypnidae
Hypoplectrodes annulatus;Hypoplectrodes;Serranidae
Hypoplectrodes maccullochi;Hypoplectrodes;Serranidae
Hypoplectrodes nigroruber;Hypoplectrodes;Serranidae
Hypoplectrus aberrans;Hypoplectrus;Serranidae
Hypoplectrus chlorurus;Hypoplectrus;Serranidae
Hypoplectrus gemma;Hypoplectrus;Serranidae
Hypoplectrus guttavarius;Hypoplectrus;Serranidae
Hypoplectrus indigo;Hypoplectrus;Serranidae
Hypoplectrus nigricans;Hypoplectrus;Serranidae
Hypoplectrus providencianus;Hypoplectrus;Serranidae
Hypoplectrus puella;Hypoplectrus;Serranidae
Hypoplectrus unicolor;Hypoplectrus;Serranidae
Hyporhamphus affinis;Hyporhamphus;Hemiramphidae
Hyporhamphus dussumieri;Hyporhamphus;Hemiramphidae
Inermia vittata;Inermia;Haemulidae
Iniistius celebicus;Iniistius;Labridae
Iniistius pavo;Iniistius;Labridae
Inimicus filamentosus;Inimicus;Synanceiidae
Isocirrhitus sexfasciatus;Isocirrhitus;Cirrhitidae
Istigobius decoratus;Istigobius;Gobiidae
Istigobius goldmanni;Istigobius;Gobiidae
Istigobius hoesei;Istigobius;Gobiidae
Istigobius nigroocellatus;Istigobius;Gobiidae
Istigobius rigilius;Istigobius;Gobiidae
Istigobius spence;Istigobius;Gobiidae
Itycirrhitus wilhelmi;Itycirrhitus;Cirrhitidae
Jenkinsia lamprotaenia;Jenkinsia;Clupeidae
Johnrandallia nigrirostris;Johnrandallia;Chaetodontidae
Koumansetta hectori;Koumansetta;Gobiidae
Koumansetta rainfordi;Koumansetta;Gobiidae
Kyphosus analogus;Kyphosus;Kyphosidae
Kyphosus bigibbus;Kyphosus;Kyphosidae
Kyphosus cinerascens;Kyphosus;Kyphosidae
Kyphosus cornelii;Kyphosus;Kyphosidae
Kyphosus elegans;Kyphosus;Kyphosidae
Kyphosus incisor;Kyphosus;Kyphosidae
Kyphosus sectatrix;Kyphosus;Kyphosidae
Kyphosus sydneyanus;Kyphosus;Kyphosidae
Kyphosus vaigiensis;Kyphosus;Kyphosidae
Labracinus  cyclophthalmus;Labracinus;Pseudochromidae
Labracinus cyclophthalmus;Labracinus;Pseudochromidae
Labracinus lineatus;Labracinus;Pseudochromidae
Labracoglossa nitida;Labracoglossa;Kyphosidae
Labrichthys unilineatus;Labrichthys;Labridae
Labrisomus cricota;Labrisomus;Labrisomidae
Labrisomus dendriticus;Labrisomus;Labrisomidae
Labrisomus nuchipinnis;Labrisomus;Labrisomidae
Labroides bicolor;Labroides;Labridae
Labroides dimidiatus;Labroides;Labridae
Labroides pectoralis;Labroides;Labridae
Labroides phthirophagus;Labroides;Labridae
Labroides rubrolabiatus;Labroides;Labridae
Labropsis australis;Labropsis;Labridae
Labropsis manabei;Labropsis;Labridae
Labropsis micronesica;Labropsis;Labridae
Labropsis xanthonota;Labropsis;Labridae
Lachnolaimus maximus;Lachnolaimus;Labridae
Lactophrys bicaudalis;Lactophrys;Ostraciidae
Lactoria diaphana;Lactoria;Ostraciidae
Larabicus quadrilineatus;Larabicus;Labridae
Latridopsis forsteri;Latridopsis;Latridae
Latropiscis purpurissatus;Latropiscis;Aulopidae
Leiuranus versicolor;Leiuranus;Ophichthidae
Lepidonectes clarkhubbsi;Lepidonectes;Tripterygiidae
Lepidonectes corallicola;Lepidonectes;Tripterygiidae
Lepidozygus tapeinosoma;Lepidozygus;Pomacentridae
Leptojulis chrysotaenia;Leptojulis;Labridae
Leptojulis cyanopleura;Leptojulis;Labridae
Leptoscarus vaigiensis;Leptoscarus;Scaridae
Lethrinus amboinensis;Lethrinus;Lethrinidae
Lethrinus atkinsoni;Lethrinus;Lethrinidae
Lethrinus erythracanthus;Lethrinus;Lethrinidae
Lethrinus erythropterus;Lethrinus;Lethrinidae
Lethrinus genivittatus;Lethrinus;Lethrinidae
Lethrinus harak;Lethrinus;Lethrinidae
Lethrinus laticaudis;Lethrinus;Lethrinidae
Lethrinus lentjan;Lethrinus;Lethrinidae
Lethrinus miniatus;Lethrinus;Lethrinidae
Lethrinus nebulosus;Lethrinus;Lethrinidae
Lethrinus obsoletus;Lethrinus;Lethrinidae
Lethrinus olivaceus;Lethrinus;Lethrinidae
Lethrinus ornatus;Lethrinus;Lethrinidae
Lethrinus rubrioperculatus;Lethrinus;Lethrinidae
Lethrinus semicinctus;Lethrinus;Lethrinidae
Lethrinus variegatus;Lethrinus;Lethrinidae
Lethrinus xanthochilus;Lethrinus;Lethrinidae
Limnichthys fasciatus;Limnichthys;Creediidae
Lotella rhacina;Lotella;Moridae
Lotilia graciliosa;Lotilia;Gobiidae
Lucayablennius zingaro;Lucayablennius;Chaenopsidae
Lutjanus adetii;Lutjanus;Lutjanidae
Lutjanus alexandrei;Lutjanus;Lutjanidae
Lutjanus analis;Lutjanus;Lutjanidae
Lutjanus apodus;Lutjanus;Lutjanidae
Lutjanus aratus;Lutjanus;Lutjanidae
Lutjanus argentimaculatus;Lutjanus;Lutjanidae
Lutjanus argentiventris;Lutjanus;Lutjanidae
Lutjanus biguttatus;Lutjanus;Lutjanidae
Lutjanus bohar;Lutjanus;Lutjanidae
Lutjanus boutton;Lutjanus;Lutjanidae
Lutjanus carponotatus;Lutjanus;Lutjanidae
Lutjanus colorado;Lutjanus;Lutjanidae
Lutjanus decussatus;Lutjanus;Lutjanidae
Lutjanus ehrenbergii;Lutjanus;Lutjanidae
Lutjanus erythropterus;Lutjanus;Lutjanidae
Lutjanus fulviflamma;Lutjanus;Lutjanidae
Lutjanus fulvus;Lutjanus;Lutjanidae
Lutjanus gibbus;Lutjanus;Lutjanidae
Lutjanus griseus;Lutjanus;Lutjanidae
Lutjanus guttatus;Lutjanus;Lutjanidae
Lutjanus inermis;Lutjanus;Lutjanidae
Lutjanus jocu;Lutjanus;Lutjanidae
Lutjanus johnii;Lutjanus;Lutjanidae
Lutjanus jordani;Lutjanus;Lutjanidae
Lutjanus kasmira;Lutjanus;Lutjanidae
Lutjanus lemniscatus;Lutjanus;Lutjanidae
Lutjanus lutjanus;Lutjanus;Lutjanidae
Lutjanus mahogoni;Lutjanus;Lutjanidae
Lutjanus monostigma;Lutjanus;Lutjanidae
Lutjanus novemfasciatus;Lutjanus;Lutjanidae
Lutjanus quinquelineatus;Lutjanus;Lutjanidae
Lutjanus rivulatus;Lutjanus;Lutjanidae
Lutjanus rufolineatus;Lutjanus;Lutjanidae
Lutjanus russellii;Lutjanus;Lutjanidae
Lutjanus sebae;Lutjanus;Lutjanidae
Lutjanus semicinctus;Lutjanus;Lutjanidae
Lutjanus synagris;Lutjanus;Lutjanidae
Lutjanus viridis;Lutjanus;Lutjanidae
Lutjanus vitta;Lutjanus;Lutjanidae
Luzonichthys waitei;Luzonichthys;Serranidae
Luzonichthys whitleyi;Luzonichthys;Serranidae
Macolor macularis;Macolor;Lutjanidae
Macolor niger;Macolor;Lutjanidae
Macrodontogobius wilburi;Macrodontogobius;Gobiidae
Macropharyngodon bipartitus;Macropharyngodon;Labridae
Macropharyngodon choati;Macropharyngodon;Labridae
Macropharyngodon geoffroy;Macropharyngodon;Labridae
Macropharyngodon kuiteri;Macropharyngodon;Labridae
Macropharyngodon meleagris;Macropharyngodon;Labridae
Macropharyngodon negrosensis;Macropharyngodon;Labridae
Macropharyngodon ornatus;Macropharyngodon;Labridae
Malacanthus brevirostris;Malacanthus;Malacanthidae
Malacanthus latovittatus;Malacanthus;Malacanthidae
Malacanthus plumieri;Malacanthus;Malacanthidae
Malacoctenus boehlkei;Malacoctenus;Labrisomidae
Malacoctenus ebisui;Malacoctenus;Labrisomidae
Malacoctenus margaritae;Malacoctenus;Labrisomidae
Malacoctenus tetranemus;Malacoctenus;Labrisomidae
Malacoctenus triangulatus;Malacoctenus;Labrisomidae
Manonichthys splendens;Manonichthys;Pseudochromidae
Manta birostris;Manta;Mobulidae
Mccoskerichthys sandae;Mccoskerichthys;Chaenopsidae
Mecaenichthys immaculatus;Mecaenichthys;Pomacentridae
Megalops atlanticus;Megalops;Megalopidae
Meiacanthus atrodorsalis;Meiacanthus;Blenniidae
Meiacanthus bundoon;Meiacanthus;Blenniidae
Meiacanthus crinitus;Meiacanthus;Blenniidae
Meiacanthus ditrema;Meiacanthus;Blenniidae
Meiacanthus grammistes;Meiacanthus;Blenniidae
Meiacanthus kamoharai;Meiacanthus;Blenniidae
Meiacanthus lineatus;Meiacanthus;Blenniidae
Meiacanthus luteus;Meiacanthus;Blenniidae
Meiacanthus mossambicus;Meiacanthus;Blenniidae
Meiacanthus nigrolineatus;Meiacanthus;Blenniidae
Meiacanthus oualanensis;Meiacanthus;Blenniidae
Meiacanthus phaeus;Meiacanthus;Blenniidae
Meiacanthus reticulatus;Meiacanthus;Blenniidae
Meiacanthus smithi;Meiacanthus;Blenniidae
Meiacanthus tongaensis;Meiacanthus;Blenniidae
Melichthys indicus;Melichthys;Balistidae
Melichthys niger;Melichthys;Balistidae
Melichthys vidua;Melichthys;Balistidae
Meuschenia flavolineata;Meuschenia;Monacanthidae
Meuschenia freycineti;Meuschenia;Monacanthidae
Meuschenia galii;Meuschenia;Monacanthidae
Meuschenia hippocrepis;Meuschenia;Monacanthidae
Meuschenia scaber;Meuschenia;Monacanthidae
Meuschenia trachylepis;Meuschenia;Monacanthidae
Microcanthus strigatus;Microcanthus;Kyphosidae
Microgobius microlepis;Microgobius;Gobiidae
Microspathodon bairdii;Microspathodon;Pomacentridae
Microspathodon chrysurus;Microspathodon;Pomacentridae
Microspathodon dorsalis;Microspathodon;Pomacentridae
Mobula thurstoni;Mobula;Myliobatidae
Monacanthus chinensis;Monacanthus;Monacanthidae
Monacanthus tuckeri;Monacanthus;Monacanthidae
Monodactylus argenteus;Monodactylus;Monodactylidae
Monotaxis grandoculis;Monotaxis;Lethrinidae
Monotaxis heterodon;Monotaxis;Lethrinidae
Mugil cephalus;Mugil;Mugilidae
Mulloidichthys dentatus;Mulloidichthys;Mullidae
Mulloidichthys flavolineatus;Mulloidichthys;Mullidae
Mulloidichthys martinicus;Mulloidichthys;Mullidae
Mulloidichthys mimicus;Mulloidichthys;Mullidae
Mulloidichthys vanicolensis;Mulloidichthys;Mullidae
Mullus surmuletus;Mullus;Mullidae
Muraena clepsydra;Muraena;Muraenidae
Muraena lentiginosa;Muraena;Muraenidae
Mycteroperca bonaci;Mycteroperca;Serranidae
Mycteroperca interstitialis;Mycteroperca;Serranidae
Mycteroperca olfax;Mycteroperca;Serranidae
Mycteroperca tigris;Mycteroperca;Serranidae
Mycteroperca xenarcha;Mycteroperca;Serranidae
Myliobatis tenuicaudatus;Myliobatis;Myliobatidae
Myrichthys maculosus;Myrichthys;Ophichthidae
Myrichthys tigrinus;Myrichthys;Ophichthidae
Myripristis adusta;Myripristis;Holocentridae
Myripristis amaena;Myripristis;Holocentridae
Myripristis berndti;Myripristis;Holocentridae
Myripristis botche;Myripristis;Holocentridae
Myripristis earlei;Myripristis;Holocentridae
Myripristis hexagona;Myripristis;Holocentridae
Myripristis jacobus;Myripristis;Holocentridae
Myripristis kochiensis;Myripristis;Holocentridae
Myripristis kuntee;Myripristis;Holocentridae
Myripristis leiognathus;Myripristis;Holocentridae
Myripristis murdjan;Myripristis;Holocentridae
Myripristis pralinia;Myripristis;Holocentridae
Myripristis randalli;Myripristis;Holocentridae
Myripristis tiki;Myripristis;Holocentridae
Myripristis violacea;Myripristis;Holocentridae
Myripristis vittata;Myripristis;Holocentridae
Nannosalarias nativitatis;Nannosalarias;Blenniidae
Naso annulatus;Naso;Acanthuridae
Naso brachycentron;Naso;Acanthuridae
Naso brevirostris;Naso;Acanthuridae
Naso caeruleacauda;Naso;Acanthuridae
Naso caesius;Naso;Acanthuridae
Naso elegans;Naso;Acanthuridae
Naso fageni;Naso;Acanthuridae
Naso hexacanthus;Naso;Acanthuridae
Naso lituratus;Naso;Acanthuridae
Naso thynnoides;Naso;Acanthuridae
Naso tonganus;Naso;Acanthuridae
Naso tuberosus;Naso;Acanthuridae
Naso unicornis;Naso;Acanthuridae
Naso vlamingii;Naso;Acanthuridae
Neatypus obliquus;Neatypus;Kyphosidae
Nebrius ferrugineus;Nebrius;Ginglymostomatidae
Nectamia bandanensis;Nectamia;Apogonidae
Nectamia similis;Nectamia;Apogonidae
Negaprion acutidens;Negaprion;Carcharhinidae
Nelusetta ayraud;Nelusetta;Monacanthidae
Nemadactylus douglasii;Nemadactylus;Cheilodactylidae
Nemadactylus macropterus;Nemadactylus;Cheilodactylidae
Nemadactylus valenciennesi;Nemadactylus;Cheilodactylidae
Nemateleotris magnifica;Nemateleotris;Microdesmidae
Neocirrhites armatus;Neocirrhites;Cirrhitidae
Neoglyphidodon bonang;Neoglyphidodon;Pomacentridae
Neoglyphidodon carlsoni;Neoglyphidodon;Pomacentridae
Neoglyphidodon crossi;Neoglyphidodon;Pomacentridae
Neoglyphidodon melas;Neoglyphidodon;Pomacentridae
Neoglyphidodon nigroris;Neoglyphidodon;Pomacentridae
Neoglyphidodon oxyodon;Neoglyphidodon;Pomacentridae
Neoglyphidodon polyacanthus;Neoglyphidodon;Pomacentridae
Neoglyphidodon thoracotaeniatus;Neoglyphidodon;Pomacentridae
Neomyxus leuciscus;Neomyxus;Mugilidae
Neoniphon argenteus;Neoniphon;Holocentridae
Neoniphon marianus;Neoniphon;Holocentridae
Neoniphon opercularis;Neoniphon;Holocentridae
Neoniphon sammara;Neoniphon;Holocentridae
Neoodax balteatus;Neoodax;Odacidae
Neopomacentrus anabatoides;Neopomacentrus;Pomacentridae
Neopomacentrus azysron;Neopomacentrus;Pomacentridae
Neopomacentrus bankieri;Neopomacentrus;Pomacentridae
Neopomacentrus cyanomos;Neopomacentrus;Pomacentridae
Neopomacentrus filamentosus;Neopomacentrus;Pomacentridae
Neopomacentrus metallicus;Neopomacentrus;Pomacentridae
Neopomacentrus nemurus;Neopomacentrus;Pomacentridae
Neopomacentrus violascens;Neopomacentrus;Pomacentridae
Neotrygon kuhlii;Neotrygon;Dasyatidae
Neotrygon ningalooensis;Neotrygon;Dasyatidae
Nicholsina denticulata;Nicholsina;Scaridae
Notocirrhitus splendens;Notocirrhitus;Cirrhitidae
Notoclinops segmentatus;Notoclinops;Tripterygiidae
Notoclinops yaldwyni;Notoclinops;Tripterygiidae
Notolabrus celidotus;Notolabrus;Labridae
Notolabrus fucicola;Notolabrus;Labridae
Notolabrus gymnogenis;Notolabrus;Labridae
Notolabrus inscriptus;Notolabrus;Labridae
Notolabrus parilus;Notolabrus;Labridae
Notolabrus tetricus;Notolabrus;Labridae
Novaculichthys taeniourus;Novaculichthys;Labridae
Ocyurus chrysurus;Ocyurus;Lutjanidae
Odax pullus;Odax;Odacidae
Odontoscion dentex;Odontoscion;Sciaenidae
Odontoscion xanthops;Odontoscion;Sciaenidae
Odonus niger;Odonus;Balistidae
Ogilbyina novaehollandiae;Ogilbyina;Pseudochromidae
Ogilbyina queenslandiae;Ogilbyina;Pseudochromidae
Olisthops cyanomelas;Olisthops;Odacidae
Omegophora cyanopunctata;Omegophora;Tetraodontidae
Ophioblennius atlanticus;Ophioblennius;Blenniidae
Ophioblennius steindachneri;Ophioblennius;Blenniidae
Ophthalmolepis lineolatus;Ophthalmolepis;Labridae
Opistognathus aurifrons;Opistognathus;Opistognathidae
Opistognathus panamaensis;Opistognathus;Opistognathidae
Opistognathus randalli;Opistognathus;Opistognathidae
Oplegnathus conwayi;Oplegnathus;Oplegnathidae
Optivus agastos;Optivus;Trachichthyidae
Orectolobus halei;Orectolobus;Orectolobidae
Orectolobus maculatus;Orectolobus;Orectolobidae
Orectolobus ornatus;Orectolobus;Orectolobidae
Orectolobus wardi;Orectolobus;Orectolobidae
Orthopristis forbesi;Orthopristis;Haemulidae
Ostorhinchus angustatus;Ostorhinchus;Apogonidae
Ostorhinchus aureus;Ostorhinchus;Apogonidae
Ostorhinchus cavitensis;Ostorhinchus;Apogonidae
Ostorhinchus compressus;Ostorhinchus;Apogonidae
Ostorhinchus cookii;Ostorhinchus;Apogonidae
Ostorhinchus cyanosoma;Ostorhinchus;Apogonidae
Ostorhinchus dispar;Ostorhinchus;Apogonidae
Ostorhinchus luteus;Ostorhinchus;Apogonidae
Ostorhinchus monospilus;Ostorhinchus;Apogonidae
Ostorhinchus neotes;Ostorhinchus;Apogonidae
Ostorhinchus nigrofasciatus;Ostorhinchus;Apogonidae
Ostorhinchus norfolcensis;Ostorhinchus;Apogonidae
Ostorhinchus pallidofasciatus;Ostorhinchus;Apogonidae
Ostorhinchus parvulus;Ostorhinchus;Apogonidae
Ostorhinchus properuptus;Ostorhinchus;Apogonidae
Ostorhinchus rubrimacula;Ostorhinchus;Apogonidae
Ostorhinchus rueppellii;Ostorhinchus;Apogonidae
Ostorhinchus sealei;Ostorhinchus;Apogonidae
Ostorhinchus taeniophorus;Ostorhinchus;Apogonidae
Ostorhinchus thermalis;Ostorhinchus;Apogonidae
Ostorhinchus wassinki;Ostorhinchus;Apogonidae
Ostracion cubicus;Ostracion;Ostraciidae
Ostracion cyanurus;Ostracion;Ostraciidae
Ostracion immaculatus;Ostracion;Ostraciidae
Ostracion meleagris;Ostracion;Ostraciidae
Ostracion solorensis;Ostracion;Ostraciidae
Ostracion whitleyi;Ostracion;Ostraciidae
Othos dentex;Othos;Serranidae
Oxycercichthys veliferus;Oxycercichthys;Pseudochromidae
Oxycheilinus bimaculatus;Oxycheilinus;Labridae
Oxycheilinus celebicus;Oxycheilinus;Labridae
Oxycheilinus digrammus;Oxycheilinus;Labridae
Oxycheilinus lineatus;Oxycheilinus;Labridae
Oxycheilinus nigromarginatus;Oxycheilinus;Labridae
Oxycheilinus orientalis;Oxycheilinus;Labridae
Oxycheilinus unifasciatus;Oxycheilinus;Labridae
Oxycirrhites typus;Oxycirrhites;Cirrhitidae
Oxymonacanthus longirostris;Oxymonacanthus;Monacanthidae
Pachymetopon aeneum;Pachymetopon;Sparidae
Parablennius laticlavius;Parablennius;Blenniidae
Parablennius marmoreus;Parablennius;Blenniidae
Parablennius pilicornis;Parablennius;Blenniidae
Parablennius serratolineatus;Parablennius;Blenniidae
Paracaesio sordida;Paracaesio;Lutjanidae
Paracaesio xanthura;Paracaesio;Lutjanidae
Paracanthurus hepatus;Paracanthurus;Acanthuridae
Paracentropyge multifasciatus;Paracentropyge;Pomacanthidae
Parachaetodon ocellatus;Parachaetodon;Chaetodontidae
Paracheilinus cyaneus;Paracheilinus;Labridae
Paracirrhites arcatus;Paracirrhites;Cirrhitidae
Paracirrhites forsteri;Paracirrhites;Cirrhitidae
Paracirrhites hemistictus;Paracirrhites;Cirrhitidae
Paracirrhites nisus;Paracirrhites;Cirrhitidae
Paracirrhites xanthus;Paracirrhites;Cirrhitidae
Paragobiodon xanthosoma;Paragobiodon;Gobiidae
Parajulis poecilepterus;Parajulis;Labridae
Paralabrax albomaculatus;Paralabrax;Serranidae
Paraluteres prionurus;Paraluteres;Monacanthidae
Paramonacanthus japonicus;Paramonacanthus;Monacanthidae
Paranthias colonus;Paranthias;Serranidae
Paranthias furcifer;Paranthias;Serranidae
Parapercis australis;Parapercis;Pinguipedidae
Parapercis bimacula;Parapercis;Pinguipedidae
Parapercis clathrata;Parapercis;Pinguipedidae
Parapercis colias;Parapercis;Pinguipedidae
Parapercis haackei;Parapercis;Pinguipedidae
Parapercis hexophtalma;Parapercis;Pinguipedidae
Parapercis lineopunctata;Parapercis;Pinguipedidae
Parapercis millepunctata;Parapercis;Pinguipedidae
Parapercis multiplicata;Parapercis;Pinguipedidae
Parapercis pacifica;Parapercis;Pinguipedidae
Parapercis queenslandica;Parapercis;Pinguipedidae
Parapercis ramsayi;Parapercis;Pinguipedidae
Parapercis schauinslandii;Parapercis;Pinguipedidae
Parapercis snyderi;Parapercis;Pinguipedidae
Parapercis stricticeps;Parapercis;Pinguipedidae
Parapercis tetracantha;Parapercis;Pinguipedidae
Parapercis xanthogramma;Parapercis;Pinguipedidae
Parapercis xanthozona;Parapercis;Pinguipedidae
Paraplesiops bleekeri;Paraplesiops;Plesiopidae
Paraplesiops meleagris;Paraplesiops;Plesiopidae
Paraplesiops poweri;Paraplesiops;Plesiopidae
Paraplotosus butleri;Paraplotosus;Plotosidae
Paraplotosus muelleri;Paraplotosus;Plotosidae
Parapriacanthus dispar;Parapriacanthus;Pempheridae
Parapriacanthus ransonneti;Parapriacanthus;Pempheridae
Parapristipoma trilineatum;Parapristipoma;Haemulidae
Parascorpaena aurita;Parascorpaena;Scorpaenidae
Parascorpis typus;Parascorpis;Parascorpididae
Parascyllium variolatum;Parascyllium;Parascylliidae
Pareques acuminatus;Pareques;Sciaenidae
Pareques perissa;Pareques;Sciaenidae
Pareques viola;Pareques;Sciaenidae
Parequula melbournensis;Parequula;Gerreidae
Parioglossus interruptus;Parioglossus;Microdesmidae
Parma alboscapularis;Parma;Pomacentridae
Parma kermadecensis;Parma;Pomacentridae
Parma mccullochi;Parma;Pomacentridae
Parma microlepis;Parma;Pomacentridae
Parma occidentalis;Parma;Pomacentridae
Parma oligolepis;Parma;Pomacentridae
Parma polylepis;Parma;Pomacentridae
Parma unifasciata;Parma;Pomacentridae
Parma victoriae;Parma;Pomacentridae
Parupeneus barberinoides;Parupeneus;Mullidae
Parupeneus barberinus;Parupeneus;Mullidae
Parupeneus chrysopleuron;Parupeneus;Mullidae
Parupeneus ciliatus;Parupeneus;Mullidae
Parupeneus crassilabris;Parupeneus;Mullidae
Parupeneus cyclostomus;Parupeneus;Mullidae
Parupeneus forsskali;Parupeneus;Mullidae
Parupeneus heptacanthus;Parupeneus;Mullidae
Parupeneus indicus;Parupeneus;Mullidae
Parupeneus insularis;Parupeneus;Mullidae
Parupeneus macronemus;Parupeneus;Mullidae
Parupeneus multifasciatus;Parupeneus;Mullidae
Parupeneus pleurostigma;Parupeneus;Mullidae
Parupeneus porphyreus;Parupeneus;Mullidae
Parupeneus spilurus;Parupeneus;Mullidae
Pastinachus sephen;Pastinachus;Dasyatidae
Pateobatis fai;Pateobatis;Dasyatidae
Pelates octolineatus;Pelates;Terapontidae
Pelates quadrilineatus;Pelates;Terapontidae
Pelates sexlineatus;Pelates;Terapontidae
Pempheris adspersa;Pempheris;Pempheridae
Pempheris adusta;Pempheris;Pempheridae
Pempheris affinis;Pempheris;Pempheridae
Pempheris analis;Pempheris;Pempheridae
Pempheris compressa;Pempheris;Pempheridae
Pempheris klunzingeri;Pempheris;Pempheridae
Pempheris mangula;Pempheris;Pempheridae
Pempheris molucca;Pempheris;Pempheridae
Pempheris multiradiata;Pempheris;Pempheridae
Pempheris oualensis;Pempheris;Pempheridae
Pempheris schomburgkii;Pempheris;Pempheridae
Pempheris schwenkii;Pempheris;Pempheridae
Pempheris vanicolensis;Pempheris;Pempheridae
Pentaceropsis recurvirostris;Pentaceropsis;Pentacerotidae
Pentapodus aureofasciatus;Pentapodus;Nemipteridae
Pentapodus caninus;Pentapodus;Nemipteridae
Pentapodus emeryii;Pentapodus;Nemipteridae
Pentapodus paradiseus;Pentapodus;Nemipteridae
Pentapodus porosus;Pentapodus;Nemipteridae
Pentapodus trivittatus;Pentapodus;Nemipteridae
Pentapodus vitta;Pentapodus;Nemipteridae
Pervagor alternans;Pervagor;Monacanthidae
Pervagor aspricaudus;Pervagor;Monacanthidae
Pervagor janthinosoma;Pervagor;Monacanthidae
Pervagor marginalis;Pervagor;Monacanthidae
Pervagor melanocephalus;Pervagor;Monacanthidae
Petroscirtes breviceps;Petroscirtes;Blenniidae
Petroscirtes fallax;Petroscirtes;Blenniidae
Petroscirtes mitratus;Petroscirtes;Blenniidae
Pholidichthys leucotaenia;Pholidichthys;Pholidichthyidae
Phyllogobius platycephalops;Phyllogobius;Gobiidae
Pictichromis coralensis;Pictichromis;Pseudochromidae
Pictichromis paccagnellae;Pictichromis;Pseudochromidae
Pictichromis porphyrea;Pictichromis;Pseudochromidae
Pictilabrus laticlavius;Pictilabrus;Labridae
Pictilabrus viridis;Pictilabrus;Labridae
Plagiotremus azaleus;Plagiotremus;Blenniidae
Plagiotremus ewaensis;Plagiotremus;Blenniidae
Plagiotremus goslinei;Plagiotremus;Blenniidae
Plagiotremus laudandus;Plagiotremus;Blenniidae
Plagiotremus phenax;Plagiotremus;Blenniidae
Plagiotremus rhinorhynchos;Plagiotremus;Blenniidae
Plagiotremus tapeinosoma;Plagiotremus;Blenniidae
Plagiotremus townsendi;Plagiotremus;Blenniidae
Platax batavianus;Platax;Ephippidae
Platax boersii;Platax;Ephippidae
Platax orbicularis;Platax;Ephippidae
Platax pinnatus;Platax;Ephippidae
Platax teira;Platax;Ephippidae
Platycephalus fuscus;Platycephalus;Platycephalidae
Platycephalus speculator;Platycephalus;Platycephalidae
Plectorhinchus albovittatus;Plectorhinchus;Haemulidae
Plectorhinchus caeruleonothus;Plectorhinchus;Haemulidae
Plectorhinchus chaetodonoides;Plectorhinchus;Haemulidae
Plectorhinchus chrysotaenia;Plectorhinchus;Haemulidae
Plectorhinchus diagrammus;Plectorhinchus;Haemulidae
Plectorhinchus flavomaculatus;Plectorhinchus;Haemulidae
Plectorhinchus gibbosus;Plectorhinchus;Haemulidae
Plectorhinchus lessonii;Plectorhinchus;Haemulidae
Plectorhinchus lineatus;Plectorhinchus;Haemulidae
Plectorhinchus multivittatus;Plectorhinchus;Haemulidae
Plectorhinchus picus;Plectorhinchus;Haemulidae
Plectorhinchus polytaenia;Plectorhinchus;Haemulidae
Plectorhinchus schotaf;Plectorhinchus;Haemulidae
Plectorhinchus vittatus;Plectorhinchus;Haemulidae
Plectranthias nanus;Plectranthias;Serranidae
Plectroglyphidodon dickii;Plectroglyphidodon;Pomacentridae
Plectroglyphidodon flaviventris;Plectroglyphidodon;Pomacentridae
Plectroglyphidodon imparipennis;Plectroglyphidodon;Pomacentridae
Plectroglyphidodon johnstonianus;Plectroglyphidodon;Pomacentridae
Plectroglyphidodon lacrymatus;Plectroglyphidodon;Pomacentridae
Plectroglyphidodon leucozonus;Plectroglyphidodon;Pomacentridae
Plectroglyphidodon phoenixensis;Plectroglyphidodon;Pomacentridae
Plectropomus areolatus;Plectropomus;Serranidae
Plectropomus laevis;Plectropomus;Serranidae
Plectropomus leopardus;Plectropomus;Serranidae
Plectropomus maculatus;Plectropomus;Serranidae
Plectropomus oligacanthus;Plectropomus;Serranidae
Plectropomus pessuliferus;Plectropomus;Serranidae
Pleurosicya elongata;Pleurosicya;Gobiidae
Pleurosicya mossambica;Pleurosicya;Gobiidae
Plotosus canius;Plotosus;Plotosidae
Plotosus lineatus;Plotosus;Plotosidae
Pogonoperca punctata;Pogonoperca;Serranidae
Pomacanthus arcuatus;Pomacanthus;Pomacanthidae
Pomacanthus imperator;Pomacanthus;Pomacanthidae
Pomacanthus navarchus;Pomacanthus;Pomacanthidae
Pomacanthus paru;Pomacanthus;Pomacanthidae
Pomacanthus semicirculatus;Pomacanthus;Pomacanthidae
Pomacanthus sexstriatus;Pomacanthus;Pomacanthidae
Pomacanthus xanthometopon;Pomacanthus;Pomacanthidae
Pomacanthus zonipectus;Pomacanthus;Pomacanthidae
Pomacentrus  australis;Pomacentrus;Pomacanthidae
Pomacentrus adelus;Pomacentrus;Pomacentridae
Pomacentrus albimaculus;Pomacentrus;Pomacentridae
Pomacentrus alexanderae;Pomacentrus;Pomacentridae
Pomacentrus alleni;Pomacentrus;Pomacentridae
Pomacentrus amboinensis;Pomacentrus;Pomacentridae
Pomacentrus aurifrons;Pomacentrus;Pomacentridae
Pomacentrus auriventris;Pomacentrus;Pomacentridae
Pomacentrus australis;Pomacentrus;Pomacentridae
Pomacentrus baenschi;Pomacentrus;Pomacentridae
Pomacentrus bankanensis;Pomacentrus;Pomacentridae
Pomacentrus brachialis;Pomacentrus;Pomacentridae
Pomacentrus burroughi;Pomacentrus;Pomacentridae
Pomacentrus caeruleus;Pomacentrus;Pomacentridae
Pomacentrus callainus;Pomacentrus;Pomacentridae
Pomacentrus chrysurus;Pomacentrus;Pomacentridae
Pomacentrus coelestis;Pomacentrus;Pomacentridae
Pomacentrus fuscidorsalis;Pomacentrus;Pomacentridae
Pomacentrus grammorhynchus;Pomacentrus;Pomacentridae
Pomacentrus imitator;Pomacentrus;Pomacentridae
Pomacentrus indicus;Pomacentrus;Pomacentridae
Pomacentrus lepidogenys;Pomacentrus;Pomacentridae
Pomacentrus limosus;Pomacentrus;Pomacentridae
Pomacentrus magniseptus;Pomacentrus;Pomacentridae
Pomacentrus microspilus;Pomacentrus;Pomacentridae
Pomacentrus milleri;Pomacentrus;Pomacentridae
Pomacentrus moluccensis;Pomacentrus;Pomacentridae
Pomacentrus nagasakiensis;Pomacentrus;Pomacentridae
Pomacentrus nigromanus;Pomacentrus;Pomacentridae
Pomacentrus nigromarginatus;Pomacentrus;Pomacentridae
Pomacentrus opisthostigma;Pomacentrus;Pomacentridae
Pomacentrus pavo;Pomacentrus;Pomacentridae
Pomacentrus philippinus;Pomacentrus;Pomacentridae
Pomacentrus reidi;Pomacentrus;Pomacentridae
Pomacentrus simsiang;Pomacentrus;Pomacentridae
Pomacentrus smithi;Pomacentrus;Pomacentridae
Pomacentrus spilotoceps;Pomacentrus;Pomacentridae
Pomacentrus sulfureus;Pomacentrus;Pomacentridae
Pomacentrus trichourus;Pomacentrus;Pomacentridae
Pomacentrus trilineatus;Pomacentrus;Pomacentridae
Pomacentrus tripunctatus;Pomacentrus;Pomacentridae
Pomacentrus vaiuli;Pomacentrus;Pomacentridae
Pomacentrus wardi;Pomacentrus;Pomacentridae
Pomachromis richardsoni;Pomachromis;Pomacentridae
Premnas biaculeatus;Premnas;Pomacentridae
Priacanthus blochii;Priacanthus;Priacanthidae
Priacanthus hamrur;Priacanthus;Priacanthidae
Prionurus laticlavius;Prionurus;Acanthuridae
Prionurus maculatus;Prionurus;Acanthuridae
Prionurus microlepidotus;Prionurus;Acanthuridae
Prionurus scalprum;Prionurus;Acanthuridae
Pristiapogon exostigma;Pristiapogon;Apogonidae
Pristiapogon fraenatus;Pristiapogon;Apogonidae
Pristiapogon kallopterus;Pristiapogon;Apogonidae
Pristicon rhodopterus;Pristicon;Apogonidae
Pristicon trimaculatus;Pristicon;Apogonidae
Prognathodes aculeatus;Prognathodes;Chaetodontidae
Psammoperca waigiensis;Psammoperca;Latidae
Pseudanthias  cooperi;Pseudanthias;Serranidae
Pseudanthias  tuka;Pseudanthias;Serranidae
Pseudanthias dispar;Pseudanthias;Serranidae
Pseudanthias engelhardi;Pseudanthias;Serranidae
Pseudanthias evansi;Pseudanthias;Serranidae
Pseudanthias fasciatus;Pseudanthias;Serranidae
Pseudanthias hiva;Pseudanthias;Serranidae
Pseudanthias huchtii;Pseudanthias;Serranidae
Pseudanthias hypselosoma;Pseudanthias;Serranidae
Pseudanthias ignitus;Pseudanthias;Serranidae
Pseudanthias lori;Pseudanthias;Serranidae
Pseudanthias mooreanus;Pseudanthias;Serranidae
Pseudanthias olivaceus;Pseudanthias;Serranidae
Pseudanthias pascalus;Pseudanthias;Serranidae
Pseudanthias pictilis;Pseudanthias;Serranidae
Pseudanthias pleurotaenia;Pseudanthias;Serranidae
Pseudanthias regalis;Pseudanthias;Serranidae
Pseudanthias rubrizonatus;Pseudanthias;Serranidae
Pseudanthias squamipinnis;Pseudanthias;Serranidae
Pseudanthias tuka;Pseudanthias;Serranidae
Pseudobalistes flavimarginatus;Pseudobalistes;Balistidae
Pseudobalistes fuscus;Pseudobalistes;Balistidae
Pseudobalistes naufragium;Pseudobalistes;Balistidae
Pseudocaranx cheilio;Pseudocaranx;Carangidae
Pseudocaranx georgianus;Pseudocaranx;Carangidae
Pseudocheilinops ataenia;Pseudocheilinops;Labridae
Pseudocheilinus evanidus;Pseudocheilinus;Labridae
Pseudocheilinus hexataenia;Pseudocheilinus;Labridae
Pseudocheilinus ocellatus;Pseudocheilinus;Labridae
Pseudocheilinus octotaenia;Pseudocheilinus;Labridae
Pseudocheilinus tetrataenia;Pseudocheilinus;Labridae
Pseudochromis  andamanensis;Pseudochromis;Pseudochromidae
Pseudochromis ammeri;Pseudochromis;Pseudochromidae
Pseudochromis bitaeniatus;Pseudochromis;Pseudochromidae
Pseudochromis cyanotaenia;Pseudochromis;Pseudochromidae
Pseudochromis elongatus;Pseudochromis;Pseudochromidae
Pseudochromis flammicauda;Pseudochromis;Pseudochromidae
Pseudochromis flavivertex;Pseudochromis;Pseudochromidae
Pseudochromis fridmani;Pseudochromis;Pseudochromidae
Pseudochromis fuscus;Pseudochromis;Pseudochromidae
Pseudochromis marshallensis;Pseudochromis;Pseudochromidae
Pseudochromis olivaceus;Pseudochromis;Pseudochromidae
Pseudochromis wilsoni;Pseudochromis;Pseudochromidae
Pseudocoris aurantiofasciata;Pseudocoris;Labridae
Pseudocoris bleekeri;Pseudocoris;Labridae
Pseudocoris yamashiroi;Pseudocoris;Labridae
Pseudodax moluccanus;Pseudodax;Labridae
Pseudojuloides atavai;Pseudojuloides;Labridae
Pseudojuloides cerasinus;Pseudojuloides;Labridae
Pseudojuloides elongatus;Pseudojuloides;Labridae
Pseudolabrus biserialis;Pseudolabrus;Labridae
Pseudolabrus fuentesi;Pseudolabrus;Labridae
Pseudolabrus guentheri;Pseudolabrus;Labridae
Pseudolabrus luculentus;Pseudolabrus;Labridae
Pseudolabrus miles;Pseudolabrus;Labridae
Pseudolabrus rubicundus;Pseudolabrus;Labridae
Pseudolabrus semifasciatus;Pseudolabrus;Labridae
Pseudolabrus sieboldi;Pseudolabrus;Labridae
Pseudupeneus grandisquamis;Pseudupeneus;Mullidae
Pseudupeneus maculatus;Pseudupeneus;Mullidae
Pteragogus aurigarius;Pteragogus;Labridae
Pteragogus cryptus;Pteragogus;Labridae
Pteragogus enneacanthus;Pteragogus;Labridae
Pteragogus flagellifer;Pteragogus;Labridae
Ptereleotris calliura;Ptereleotris;Microdesmidae
Ptereleotris evides;Ptereleotris;Microdesmidae
Ptereleotris hanae;Ptereleotris;Microdesmidae
Ptereleotris heteroptera;Ptereleotris;Microdesmidae
Ptereleotris microlepis;Ptereleotris;Microdesmidae
Ptereleotris monoptera;Ptereleotris;Microdesmidae
Ptereleotris zebra;Ptereleotris;Microdesmidae
Pterocaesio chrysozona;Pterocaesio;Caesionidae
Pterocaesio digramma;Pterocaesio;Caesionidae
Pterocaesio marri;Pterocaesio;Caesionidae
Pterocaesio pisang;Pterocaesio;Caesionidae
Pterocaesio randalli;Pterocaesio;Caesionidae
Pterocaesio tessellata;Pterocaesio;Caesionidae
Pterocaesio tile;Pterocaesio;Caesionidae
Pterocaesio trilineata;Pterocaesio;Caesionidae
Pterois antennata;Pterois;Scorpaenidae
Pterois radiata;Pterois;Scorpaenidae
Pterois volitans;Pterois;Scorpaenidae
Pygoplites diacanthus;Pygoplites;Pomacanthidae
Rastrelliger kanagurta;Rastrelliger;Scombridae
Remora remora;Remora;Echeneidae
Rhabdamia cypselurus;Rhabdamia;Apogonidae
Rhabdamia gracilis;Rhabdamia;Apogonidae
Rhabdosargus holubi;Rhabdosargus;Sparidae
Rhabdosargus sarba;Rhabdosargus;Sparidae
Rhinecanthus aculeatus;Rhinecanthus;Balistidae
Rhinecanthus assasi;Rhinecanthus;Balistidae
Rhinecanthus lunula;Rhinecanthus;Balistidae
Rhinecanthus rectangulus;Rhinecanthus;Balistidae
Rhinecanthus verrucosus;Rhinecanthus;Balistidae
Rhinesomus triqueter;Rhinesomus;Ostraciidae
Rhinomuraena quaesita;Rhinomuraena;Muraenidae
Rhynchostracion nasus;Rhynchostracion;Ostraciidae
Ruanoho whero;Ruanoho;Tripterygiidae
Rypticus bicolor;Rypticus;Serranidae
Rypticus nigripinnis;Rypticus;Serranidae
Rypticus saponaceus;Rypticus;Serranidae
Salarias alboguttatus;Salarias;Blenniidae
Salarias ceramensis;Salarias;Blenniidae
Salarias fasciatus;Salarias;Blenniidae
Salarias guttatus;Salarias;Blenniidae
Salarias segmentatus;Salarias;Blenniidae
Sarda australis;Sarda;Scombridae
Sarda orientalis;Sarda;Scombridae
Sardinops neopilchardus;Sardinops;Clupeidae
Sargocentron caudimaculatum;Sargocentron;Holocentridae
Sargocentron cornutum;Sargocentron;Holocentridae
Sargocentron diadema;Sargocentron;Holocentridae
Sargocentron hormion;Sargocentron;Holocentridae
Sargocentron ittodai;Sargocentron;Holocentridae
Sargocentron melanospilos;Sargocentron;Holocentridae
Sargocentron microstoma;Sargocentron;Holocentridae
Sargocentron rubrum;Sargocentron;Holocentridae
Sargocentron spiniferum;Sargocentron;Holocentridae
Sargocentron suborbitalis;Sargocentron;Holocentridae
Sargocentron tiere;Sargocentron;Holocentridae
Sargocentron tiereoides;Sargocentron;Holocentridae
Sargocentron vexillarium;Sargocentron;Holocentridae
Sargocentron violaceum;Sargocentron;Holocentridae
Sarpa salpa;Sarpa;Sparidae
Saurida gracilis;Saurida;Synodontidae
Saurida nebulosa;Saurida;Synodontidae
Scaevius milii;Scaevius;Nemipteridae
Scarus altipinnis;Scarus;Scaridae
Scarus chameleon;Scarus;Scaridae
Scarus coelestinus;Scarus;Scaridae
Scarus coeruleus;Scarus;Scaridae
Scarus compressus;Scarus;Scaridae
Scarus dimidiatus;Scarus;Scaridae
Scarus falcipinnis;Scarus;Scaridae
Scarus ferrugineus;Scarus;Scaridae
Scarus festivus;Scarus;Scaridae
Scarus flavipectoralis;Scarus;Scaridae
Scarus forsteni;Scarus;Scaridae
Scarus frenatus;Scarus;Scaridae
Scarus fuscopurpureus;Scarus;Scaridae
Scarus ghobban;Scarus;Scaridae
Scarus globiceps;Scarus;Scaridae
Scarus guacamaia;Scarus;Scaridae
Scarus iseri;Scarus;Scaridae
Scarus koputea;Scarus;Scaridae
Scarus longipinnis;Scarus;Scaridae
Scarus niger;Scarus;Scaridae
Scarus oviceps;Scarus;Scaridae
Scarus perrico;Scarus;Scaridae
Scarus prasiognathos;Scarus;Scaridae
Scarus psittacus;Scarus;Scaridae
Scarus quoyi;Scarus;Scaridae
Scarus rivulatus;Scarus;Scaridae
Scarus rubroviolaceus;Scarus;Scaridae
Scarus russelii;Scarus;Scaridae
Scarus scaber;Scarus;Scaridae
Scarus schlegeli;Scarus;Scaridae
Scarus taeniopterus;Scarus;Scaridae
Scarus tricolor;Scarus;Scaridae
Scarus trispinosus;Scarus;Scaridae
Scarus vetula;Scarus;Scaridae
Scarus viridifucatus;Scarus;Scaridae
Scarus xanthopleura;Scarus;Scaridae
Scarus zelindae;Scarus;Scaridae
Schuettea scalaripinnis;Schuettea;Monodactylidae
Schuettea woodwardi;Schuettea;Monodactylidae
Scobinichthys granulatus;Scobinichthys;Monacanthidae
Scolopsis affinis;Scolopsis;Nemipteridae
Scolopsis aurata;Scolopsis;Nemipteridae
Scolopsis bilineata;Scolopsis;Nemipteridae
Scolopsis ciliata;Scolopsis;Nemipteridae
Scolopsis frenatus;Scolopsis;Nemipteridae
Scolopsis ghanam;Scolopsis;Nemipteridae
Scolopsis lineata;Scolopsis;Nemipteridae
Scolopsis margaritifer;Scolopsis;Nemipteridae
Scolopsis monogramma;Scolopsis;Nemipteridae
Scolopsis trilineata;Scolopsis;Nemipteridae
Scolopsis vosmeri;Scolopsis;Nemipteridae
Scolopsis xenochrous;Scolopsis;Nemipteridae
Scomber australasicus;Scomber;Scombridae
Scomberoides commersonnianus;Scomberoides;Carangidae
Scomberoides lysan;Scomberoides;Carangidae
Scomberoides tol;Scomberoides;Carangidae
Scomberomorus commerson;Scomberomorus;Scombridae
Scomberomorus maculatus;Scomberomorus;Scombridae
Scomberomorus queenslandicus;Scomberomorus;Scombridae
Scomberomorus regalis;Scomberomorus;Scombridae
Scomberomorus sierra;Scomberomorus;Scombridae
Scorpaena cardinalis;Scorpaena;Scorpaenidae
Scorpaena cookii;Scorpaena;Scorpaenidae
Scorpaena histrio;Scorpaena;Scorpaenidae
Scorpaena jacksoniensis;Scorpaena;Scorpaenidae
Scorpaena mystes;Scorpaena;Scorpaenidae
Scorpaena papillosa;Scorpaena;Scorpaenidae
Scorpaena plumieri;Scorpaena;Scorpaenidae
Scorpaenodes evides;Scorpaenodes;Scorpaenidae
Scorpaenodes parvipinnis;Scorpaenodes;Scorpaenidae
Scorpaenopsis cirrosa;Scorpaenopsis;Scorpaenidae
Scorpaenopsis neglecta;Scorpaenopsis;Scorpaenidae
Scorpaenopsis oxycephala;Scorpaenopsis;Scorpaenidae
Scorpaenopsis papuensis;Scorpaenopsis;Scorpaenidae
Scorpaenopsis possi;Scorpaenopsis;Scorpaenidae
Scorpis aequipinnis;Scorpis;Kyphosidae
Scorpis georgiana;Scorpis;Kyphosidae
Scorpis lineolata;Scorpis;Kyphosidae
Scorpis violacea;Scorpis;Kyphosidae
Sebastapistes cyanostigma;Sebastapistes;Scorpaenidae
Sebastapistes strongia;Sebastapistes;Scorpaenidae
Sebastiscus marmoratus;Sebastiscus;Sebastidae
Sectator ocyurus;Sectator;Kyphosidae
Selar crumenophthalmus;Selar;Carangidae
Selaroides leptolepis;Selaroides;Carangidae
Seriola dumerili;Seriola;Carangidae
Seriola hippos;Seriola;Carangidae
Seriola lalandi;Seriola;Carangidae
Seriola rivoliana;Seriola;Carangidae
Serranocirrhitus latus;Serranocirrhitus;Serranidae
Serranus baldwini;Serranus;Serranidae
Serranus flaviventris;Serranus;Serranidae
Serranus psittacinus;Serranus;Serranidae
Serranus scriba;Serranus;Serranidae
Serranus tabacarius;Serranus;Serranidae
Serranus tico;Serranus;Serranidae
Serranus tigrinus;Serranus;Serranidae
Serranus tortugarum;Serranus;Serranidae
Siganus argenteus;Siganus;Siganidae
Siganus corallinus;Siganus;Siganidae
Siganus doliatus;Siganus;Siganidae
Siganus fuscescens;Siganus;Siganidae
Siganus guttatus;Siganus;Siganidae
Siganus javus;Siganus;Siganidae
Siganus lineatus;Siganus;Siganidae
Siganus luridus;Siganus;Siganidae
Siganus puelloides;Siganus;Siganidae
Siganus puellus;Siganus;Siganidae
Siganus punctatissimus;Siganus;Siganidae
Siganus punctatus;Siganus;Siganidae
Siganus spinus;Siganus;Siganidae
Siganus stellatus;Siganus;Siganidae
Siganus trispilos;Siganus;Siganidae
Siganus vermiculatus;Siganus;Siganidae
Siganus virgatus;Siganus;Siganidae
Siganus vulpinus;Siganus;Siganidae
Signigobius biocellatus;Signigobius;Gobiidae
Siphamia cephalotes;Siphamia;Apogonidae
Siphamia tubifer;Siphamia;Apogonidae
Siphonognathus attenuatus;Siphonognathus;Odacidae
Siphonognathus beddomei;Siphonognathus;Odacidae
Siphonognathus caninis;Siphonognathus;Odacidae
Siphonognathus radiatus;Siphonognathus;Odacidae
Sparisoma amplum;Sparisoma;Scaridae
Sparisoma atomarium;Sparisoma;Scaridae
Sparisoma aurofrenatum;Sparisoma;Scaridae
Sparisoma axillare;Sparisoma;Scaridae
Sparisoma chrysopterum;Sparisoma;Scaridae
Sparisoma frondosum;Sparisoma;Scaridae
Sparisoma radians;Sparisoma;Scaridae
Sparisoma rubripinne;Sparisoma;Scaridae
Sparisoma viride;Sparisoma;Scaridae
Sphaeramia nematoptera;Sphaeramia;Apogonidae
Sphoeroides annulatus;Sphoeroides;Tetraodontidae
Sphoeroides spengleri;Sphoeroides;Tetraodontidae
Sphyraena barracuda;Sphyraena;Sphyraenidae
Sphyraena ensis;Sphyraena;Sphyraenidae
Sphyraena flavicauda;Sphyraena;Sphyraenidae
Sphyraena helleri;Sphyraena;Sphyraenidae
Sphyraena idiastes;Sphyraena;Sphyraenidae
Sphyraena jello;Sphyraena;Sphyraenidae
Sphyraena obtusata;Sphyraena;Sphyraenidae
Sphyrna lewini;Sphyrna;Sphyrnidae
Spondyliosoma emarginatum;Spondyliosoma;Sparidae
Spratelloides gracilis;Spratelloides;Clupeidae
Squamicreedia obtusa;Squamicreedia;Percophidae
Squatina australis;Squatina;Squatinidae
Stanulus talboti;Stanulus;Blenniidae
Stegastes acapulcoensis;Stegastes;Pomacentridae
Stegastes adustus;Stegastes;Pomacentridae
Stegastes albifasciatus;Stegastes;Pomacentridae
Stegastes altus;Stegastes;Pomacentridae
Stegastes apicalis;Stegastes;Pomacentridae
Stegastes arcifrons;Stegastes;Pomacentridae
Stegastes aureus;Stegastes;Pomacentridae
Stegastes beebei;Stegastes;Pomacentridae
Stegastes diencaeus;Stegastes;Pomacentridae
Stegastes emeryi;Stegastes;Pomacentridae
Stegastes fasciolatus;Stegastes;Pomacentridae
Stegastes flavilatus;Stegastes;Pomacentridae
Stegastes fuscus;Stegastes;Pomacentridae
Stegastes gascoynei;Stegastes;Pomacentridae
Stegastes insularis;Stegastes;Pomacentridae
Stegastes leucostictus;Stegastes;Pomacentridae
Stegastes lividus;Stegastes;Pomacentridae
Stegastes marginatus;Stegastes;Pomacentridae
Stegastes nigricans;Stegastes;Pomacentridae
Stegastes obreptus;Stegastes;Pomacentridae
Stegastes partitus;Stegastes;Pomacentridae
Stegastes pictus;Stegastes;Pomacentridae
Stegastes planifrons;Stegastes;Pomacentridae
Stegastes punctatus;Stegastes;Pomacentridae
Stegastes variabilis;Stegastes;Pomacentridae
Stephanolepis cirrhifer;Stephanolepis;Monacanthidae
Stethojulis albovittata;Stethojulis;Labridae
Stethojulis balteata;Stethojulis;Labridae
Stethojulis bandanensis;Stethojulis;Labridae
Stethojulis interrupta;Stethojulis;Labridae
Stethojulis marquesensis;Stethojulis;Labridae
Stethojulis strigiventer;Stethojulis;Labridae
Stethojulis terina;Stethojulis;Labridae
Stethojulis trilineata;Stethojulis;Labridae
Strongylura incisa;Strongylura;Belonidae
Stygnobrotula latebricola;Stygnobrotula;Bythitidae
Suezichthys arquatus;Suezichthys;Labridae
Suezichthys cyanolaemus;Suezichthys;Labridae
Suezichthys devisi;Suezichthys;Labridae
Sufflamen albicaudatum;Sufflamen;Balistidae
Sufflamen bursa;Sufflamen;Balistidae
Sufflamen chrysopterum;Sufflamen;Balistidae
Sufflamen fraenatum;Sufflamen;Balistidae
Sufflamen verres;Sufflamen;Balistidae
Symphodus mediterraneus;Symphodus;Labridae
Symphodus ocellatus;Symphodus;Labridae
Symphodus tinca;Symphodus;Labridae
Symphorichthys spilurus;Symphorichthys;Lutjanidae
Symphorus nematophorus;Symphorus;Lutjanidae
Synanceia verrucosa;Synanceia;Synanceiidae
Synchiropus bartelsi;Synchiropus;Callionymidae
Synchiropus moyeri;Synchiropus;Callionymidae
Synchiropus splendidus;Synchiropus;Callionymidae
Synchiropus stellatus;Synchiropus;Callionymidae
Synodus binotatus;Synodus;Synodontidae
Synodus capricornis;Synodus;Synodontidae
Synodus dermatogenys;Synodus;Synodontidae
Synodus intermedius;Synodus;Synodontidae
Synodus jaculum;Synodus;Synodontidae
Synodus lacertinus;Synodus;Synodontidae
Synodus rubromarmoratus;Synodus;Synodontidae
Synodus sageneus;Synodus;Synodontidae
Synodus saurus;Synodus;Synodontidae
Synodus synodus;Synodus;Synodontidae
Synodus ulae;Synodus;Synodontidae
Synodus variegatus;Synodus;Synodontidae
Taeniamia biguttata;Taeniamia;Apogonidae
Taeniamia fucata;Taeniamia;Apogonidae
Taeniamia leai;Taeniamia;Apogonidae
Taeniamia melasma;Taeniamia;Apogonidae
Taeniamia zosterophora;Taeniamia;Apogonidae
Taenianotus triacanthus;Taenianotus;Scorpaenidae
Taeniura lymma;Taeniura;Dasyatidae
Taeniura meyeni;Taeniura;Dasyatidae
Tetractenos glaber;Tetractenos;Tetraodontidae
Thalassoma amblycephalum;Thalassoma;Labridae
Thalassoma bifasciatum;Thalassoma;Labridae
Thalassoma cupido;Thalassoma;Labridae
Thalassoma duperrey;Thalassoma;Labridae
Thalassoma grammaticum;Thalassoma;Labridae
Thalassoma hardwicke;Thalassoma;Labridae
Thalassoma hebraicum;Thalassoma;Labridae
Thalassoma heiseri;Thalassoma;Labridae
Thalassoma jansenii;Thalassoma;Labridae
Thalassoma lucasanum;Thalassoma;Labridae
Thalassoma lunare;Thalassoma;Labridae
Thalassoma lutescens;Thalassoma;Labridae
Thalassoma nigrofasciatum;Thalassoma;Labridae
Thalassoma pavo;Thalassoma;Labridae
Thalassoma purpureum;Thalassoma;Labridae
Thalassoma quinquevittatum;Thalassoma;Labridae
Thalassoma rueppellii;Thalassoma;Labridae
Thalassoma septemfasciatum;Thalassoma;Labridae
Thalassoma trilobatum;Thalassoma;Labridae
Thamnaconus analis;Thamnaconus;Monacanthidae
Tilodon sexfasciatus;Tilodon;Kyphosidae
Torquigener pleurogramma;Torquigener;Tetraodontidae
Trachichthys australis;Trachichthys;Trachichthyidae
Trachinops brauni;Trachinops;Plesiopidae
Trachinops caudimaculatus;Trachinops;Plesiopidae
Trachinops noarlungae;Trachinops;Plesiopidae
Trachinops taeniatus;Trachinops;Plesiopidae
Trachinotus baillonii;Trachinotus;Carangidae
Trachinotus blochii;Trachinotus;Carangidae
Trachinotus rhodopus;Trachinotus;Carangidae
Trachinotus stilbe;Trachinotus;Carangidae
Trachurus novaezelandiae;Trachurus;Carangidae
Trachypoma macracanthus;Trachypoma;Serranidae
Tragulichthys jaculiferus;Tragulichthys;Diodontidae
Triaenodon obesus;Triaenodon;Carcharhinidae
Trimma benjamini;Trimma;Gobiidae
Trimma caesiura;Trimma;Gobiidae
Trimma capostriatum;Trimma;Gobiidae
Trimma lantana;Trimma;Gobiidae
Trimma macrophthalmum;Trimma;Gobiidae
Trimma okinawae;Trimma;Gobiidae
Trimma striata;Trimma;Gobiidae
Trimma taylori;Trimma;Gobiidae
Trinorfolkia clarkei;Trinorfolkia;Tripterygiidae
Tripterygion melanurus;Tripterygion;Tripterygiidae
Trygonoptera ovalis;Trygonoptera;Urolophidae
Trygonoptera testacea;Trygonoptera;Urolophidae
Tylosurus crocodilus;Tylosurus;Belonidae
Ucla xenogrammus;Ucla;Tripterygiidae
Ulua mentalis;Ulua;Carangidae
Upeneichthys lineatus;Upeneichthys;Mullidae
Upeneichthys vlamingii;Upeneichthys;Mullidae
Upeneus moluccensis;Upeneus;Mullidae
Upeneus tragula;Upeneus;Mullidae
Uraspis helvola;Uraspis;Carangidae
Urobatis halleri;Urobatis;Urotrygonidae
Urobatis jamaicensis;Urobatis;Urotrygonidae
Urobatis tumbesensis;Urobatis;Urotrygonidae
Urogymnus asperrimus;Urogymnus;Dasyatidae
Urolophus gigas;Urolophus;Urolophidae
Valenciennea alleni;Valenciennea;Gobiidae
Valenciennea decora;Valenciennea;Gobiidae
Valenciennea helsdingenii;Valenciennea;Gobiidae
Valenciennea immaculata;Valenciennea;Gobiidae
Valenciennea longipinnis;Valenciennea;Gobiidae
Valenciennea muralis;Valenciennea;Gobiidae
Valenciennea parva;Valenciennea;Gobiidae
Valenciennea puellaris;Valenciennea;Gobiidae
Valenciennea randalli;Valenciennea;Gobiidae
Valenciennea sexguttata;Valenciennea;Gobiidae
Valenciennea strigata;Valenciennea;Gobiidae
Variola albimarginata;Variola;Serranidae
Variola louti;Variola;Serranidae
Xanthichthys mento;Xanthichthys;Balistidae
Zabidius novemaculeatus;Zabidius;Ephippidae
Zanclistius elevatus;Zanclistius;Pentacerotidae
Zanclus cornutus;Zanclus;Zanclidae
Zapteryx xyster;Zapteryx;Rhinobatidae
Zebrasoma desjardinii;Zebrasoma;Acanthuridae
Zebrasoma flavescens;Zebrasoma;Acanthuridae
Zebrasoma rostratum;Zebrasoma;Acanthuridae
Zebrasoma scopas;Zebrasoma;Acanthuridae
Zebrasoma velifer;Zebrasoma;Acanthuridae
Zebrasoma xanthurum;Zebrasoma;Acanthuridae
Zoramia fragilis;Zoramia;Apogonidae
Zoramia leptacantha;Zoramia;Apogonidae
Zoramia viridiventer;Zoramia;Apogonidae
